name,age,height,weight,occupation,location
Jeffrey Mason,59,173,97.1,Teacher,city_north
Gina Deleon,69,149.8,97.2,Mechanic,city_west
Victoria Davis,54,171.2,60,Pilot,city_west
Angela Torres,46,162.7,72.7,Scientist,city_north
Tara Pace,58,197.4,51.1,Analyst,city_east
Brandi Thompson,53,164.5,111.3,Manager,city_west
Sherri Mills,30,199.3,82.5,Lawyer,city_east
Robert Lopez,20,170.2,49.2,Electrician,city_west
Robert Collins,32,180.7,71.5,Writer,city_east
Lori Morrison,18,179.3,51.6,Student,city_west
Karen Brown,37,185.3,105.9,Engineer,city_west
Rachel Adams,58,147,70.7,Chef,city_east
Patricia Walker,34,170.2,75.8,Architect,city_south
Erik Weeks,67,189.1,103,Consultant,city_east
Sherry Roberts,32,153.3,95.5,Analyst,city_south
Phillip Wolfe,48,196.9,95,Artist,city_south
Robin Li,19,183.1,80,Scientist,city_north
David Maxwell,29,172.6,70.6,Doctor,city_east
Ralph Riggs,18,190.2,91.9,Mechanic,city_west
Michael Kemp,46,176.5,55.5,Chef,city_south
Sean Roberts,57,174,80.6,Photographer,city_north
Brianna Roberts,20,156.2,57.2,Manager,city_west
Kevin Rogers,40,193.9,97,Architect,city_west
Sarah Osborn,28,194.7,48.5,Student,city_south
Sherry Baker,24,182.5,119.6,Analyst,city_east
Mercedes Smith,67,186.5,51,Engineer,city_east
Michelle Salazar,22,152.2,113.6,Lawyer,city_west
Dennis Montoya,70,153.8,78.5,Architect,city_north
Ryan Perry,48,178.2,78.7,Developer,city_north
Stacey Schroeder,53,158.5,63.1,Pilot,city_south
Jennifer Wolfe,68,178.8,110.6,Engineer,city_north
Tammy Wilson,28,152.4,83.8,Mechanic,city_west
Kenneth Porter,39,195.9,114.2,Engineer,city_west
William Mclaughlin,51,156.9,96.3,Electrician,city_south
David Vance,58,182,55.8,Lawyer,city_west
Nicholas Rivera,37,147.7,98.4,Teacher,city_east
Mark Guerra,47,181,87.7,Student,city_south
Catherine Logan,62,165.4,88.9,Lawyer,city_west
Kristen Thomas,18,168.2,45.1,Pilot,city_south
Julia Hays,28,157.9,48.4,Electrician,city_east
Meredith Lee,51,175.1,101.6,Designer,city_south
Mark Payne,65,165.7,100.9,Developer,city_east
Kelly Nicholson,47,166.6,46.6,Nurse,city_south
Donna Bishop,41,192,100.9,Developer,city_south
John Armstrong,38,169,62,Teacher,city_north
Brandon Jones,27,190.7,77,Nurse,city_north
Laura Hamilton,58,153.9,100.4,Scientist,city_east
Megan Colon,26,178.7,74.7,Manager,city_east
John Yates,27,160.8,92.8,Teacher,city_west
Derek Perez,33,149,77.1,Chef,city_south
Wendy Martin,20,153.5,55,Writer,city_north
Jonathan Lane,42,192,79.6,Electrician,city_south
Ashley Nelson,54,186.1,84.4,Chef,city_west
Joseph Colon,42,198.5,54.2,Teacher,city_west
Patrick Robinson,67,193.3,67.8,Doctor,city_east
Justin Rivers,18,170.8,104.3,Doctor,city_south
Cole Holder,66,169.2,74.2,Manager,city_south
Joshua Riley,49,192.4,56.9,Developer,city_south
Shannon Hopkins,49,165.1,89.7,Manager,city_east
Laura Lloyd,18,180.4,101.2,Electrician,city_east
Kara Porter,51,152.6,58.7,Consultant,city_south
Curtis Patel,20,180.8,88,Mechanic,city_south
David Thomas,53,170.7,68,Designer,city_west
Christopher Simmons,57,149.7,84.4,Electrician,city_south
Aaron Watson,39,145.2,111.9,Mechanic,city_east
Brandon Henderson,26,168.5,64,Photographer,city_west
James Sawyer,62,173.4,75.9,Architect,city_south
Isaac Church II,52,170.6,99.8,Developer,city_west
Amanda Garcia,42,171,107.7,Teacher,city_south
Adam Clark,23,147.1,109.5,Artist,city_west
Matthew Mccarty,46,159.4,67.3,Architect,city_north
Amanda Roberts,54,183.3,113.2,Mechanic,city_north
Amanda Shelton,54,164.4,72.5,Student,city_west
Johnathan Rodriguez,43,153.4,98.5,Scientist,city_east
Oscar Ward,43,197.7,119.4,Consultant,city_south
Seth Rodriguez,42,156.5,48.5,Student,city_north
Joshua George,26,184.5,113.6,Doctor,city_east
Tracy Myers,63,176.7,54,Designer,city_east
Jonathan Perkins,51,190.5,54.1,Artist,city_west
Ryan Hensley,57,157.6,111,Photographer,city_east
Jennifer Beltran,42,165.1,90.2,Analyst,city_north
Robin Rogers,46,190.4,61.1,Manager,city_west
Paul Terry,51,147.4,78.8,Writer,city_east
Morgan Padilla,37,155.6,70.4,Writer,city_west
Daniel Hall,20,174.3,98.5,Pilot,city_north
Aimee Schmidt,23,183.4,100.7,Consultant,city_north
Vicki Stephens,67,194.2,47.9,Writer,city_east
Shawn Boone,63,156.3,109.5,Analyst,city_south
Nicholas Gonzalez,35,172.4,109.2,Designer,city_north
James Gray,63,174.1,47.1,Electrician,city_south
Kayla Hill,43,187.1,108.6,Analyst,city_west
Bryan Kramer,23,195.9,78.7,Photographer,city_east
Wayne Rodriguez,24,181.7,91.5,Architect,city_west
Fernando Morgan,30,189.3,62.6,Student,city_north
Patricia Mcfarland,46,189.9,108.7,Photographer,city_south
Timothy Woods,40,188.2,113.3,Lawyer,city_north
Lisa Barnes,25,180.9,96.2,Developer,city_west
Thomas Shepard,49,175.6,83,Analyst,city_north
Sarah Daniel DDS,24,197.7,64.7,Analyst,city_north
Matthew Randall,67,173.5,63.4,Consultant,city_west
Emily Stevens,27,180.2,51.2,Engineer,city_east
Lisa Barrett,51,195.4,82,Artist,city_east
Kevin Green,30,162.9,75.6,Consultant,city_east
William Baker,53,152.9,101.2,Artist,city_west
Timothy Atkins DVM,38,183.1,86.9,Engineer,city_north
Richard Smith,54,147.1,79.8,Designer,city_west
Sarah Miller,30,164.5,81.3,Designer,city_north
Thomas Rivers,38,177.1,107.4,Consultant,city_north
Dean Roberson,52,151,77.6,Developer,city_east
Amber Boyer,65,189.5,87.2,Pilot,city_west
Kenneth Wu,64,155,93.2,Analyst,city_west
Gordon Vance,21,152.7,45.4,Consultant,city_west
Jason Campbell,42,192.5,64.2,Mechanic,city_north
Joe Davis,31,145.1,80.5,Developer,city_north
Amy Spencer,46,171.9,107.6,Artist,city_south
Michelle Sandoval,28,178.1,57.6,Doctor,city_west
Briana Robbins,38,164.8,75.1,Teacher,city_north
Cassandra Jones,43,192.7,80.2,Manager,city_east
Tracy Blankenship,26,192,73.2,Mechanic,city_south
Daniel Levine,53,182.8,57.7,Mechanic,city_north
Spencer Hawkins,20,168.8,83.4,Student,city_east
Todd Smith,35,175.5,74.6,Consultant,city_north
Angela Christensen,57,193.2,101.1,Lawyer,city_north
Brittany Gonzalez,44,183.1,68.9,Mechanic,city_south
Lisa Chavez,32,183.4,59.4,Analyst,city_south
Olivia Smith,41,150,89.4,Designer,city_east
Brian Carlson,36,181.4,107,Nurse,city_south
Jennifer Hebert,23,167.5,95.5,Chef,city_east
Steven Grant,58,185.7,46.4,Mechanic,city_west
Albert Galvan,66,147.2,47.5,Nurse,city_east
Ryan Davis,45,160.1,85.1,Writer,city_south
Mary Rivers,69,185.8,99.4,Scientist,city_east
John Carlson,69,156.9,79.1,Writer,city_south
Sarah Schneider,43,165.3,118.6,Consultant,city_south
Michael Dillon,66,149.7,86.1,Manager,city_south
Tommy Allen,25,164.4,107.2,Chef,city_south
Dr. Jasmin Hull MD,27,193.4,76.7,Electrician,city_north
Audrey Callahan,49,186.3,106.1,Mechanic,city_south
Reginald Stevens,18,167.5,114.3,Photographer,city_west
Ryan Foster,59,174.1,106.1,Consultant,city_west
Elizabeth Aguirre,47,160.6,90.3,Writer,city_south
Scott Mitchell,38,154.6,95.1,Analyst,city_south
Richard Gonzalez,23,175.7,67.2,Nurse,city_west
Kathleen Hubbard,31,189.8,68.4,Writer,city_west
Kimberly Leach,28,155.5,88.7,Architect,city_north
Dennis Smith,22,162.3,96.8,Architect,city_south
Lawrence Maddox,57,168.8,111.1,Writer,city_south
Monica Vargas,65,145.8,53.4,Doctor,city_north
Jennifer Cunningham,61,196.7,62.8,Nurse,city_east
Joshua Armstrong,68,188.9,104,Writer,city_east
Lauren Castro,69,198.7,56.1,Student,city_south
Julie Jenkins,54,191.3,73.2,Student,city_north
Kristin Freeman,20,199.6,110.3,Teacher,city_west
Melissa Cross,19,196.7,119.6,Writer,city_south
Aaron Tucker,23,157,81.2,Chef,city_south
Michael Thomas,49,154.7,74.2,Engineer,city_north
Kevin Williams,28,154.4,67.2,Pilot,city_south
Bradley Frye,26,151.7,119.9,Lawyer,city_north
Steven Norris,46,182,76.6,Engineer,city_west
Briana Gomez,29,176.3,113.7,Teacher,city_north
Shari Jones,22,161.1,98.8,Architect,city_south
Robert Thomas,66,155.9,93.6,Doctor,city_east
Joe Fields,32,164.2,83,Mechanic,city_north
Robert Scott MD,30,153.7,95.5,Designer,city_east
Douglas Allen,38,164.4,74.7,Artist,city_east
Jason Hernandez,30,199.5,58.3,Writer,city_east
Vincent Reyes,66,160.3,101.4,Teacher,city_west
Timothy Rodriguez,48,175.1,89.1,Scientist,city_north
Regina Smith,37,164.8,86.8,Analyst,city_south
Peter Morse,69,174.8,90.4,Mechanic,city_south
Mary Fischer,41,159.3,107.3,Designer,city_east
Kristen Morales,36,177.7,69.7,Student,city_east
Tina Thomas,65,182.9,99.7,Lawyer,city_south
Jennifer Steele,52,181,91.9,Architect,city_north
Sheila Dodson,57,146.8,88.4,Chef,city_east
Judith Bell,56,197.6,87.9,Analyst,city_north
Brandon Allen,32,147.4,77.7,Mechanic,city_west
Elizabeth Lewis,39,145.6,68,Artist,city_west
Lauren Valdez,66,147.8,106.4,Photographer,city_east
Anthony Bauer,57,163.6,74.6,Photographer,city_south
Michael Robinson,18,163.9,50.3,Teacher,city_east
David Garcia,43,188.1,74.7,Designer,city_west
David Griffith,19,158.8,102.1,Scientist,city_east
Bradley Thompson,37,160,65,Chef,city_north
Michele Hogan,28,149.4,116.1,Doctor,city_west
Jeremy Li,60,153.5,73.2,Writer,city_west
Mr. Mitchell Roberts,61,162.6,80.1,Scientist,city_east
Raymond Page,64,188.5,84.4,Doctor,city_south
George Jackson,35,161.7,99.9,Photographer,city_north
James Herrera,67,188.8,104.1,Engineer,city_east
Amber Campbell,22,175.3,88.7,Chef,city_east
Stephanie Lewis,36,168.2,76.8,Artist,city_north
Jessica Cook,64,182.2,103.7,Photographer,city_south
Michael Turner,39,155.5,87.5,Engineer,city_north
Brian Ortiz,40,191.3,51.3,Developer,city_north
Jennifer Evans,43,196.4,94,Electrician,city_west
Gina Harris,18,191.3,45.3,Doctor,city_east
Dawn Brown,29,192.8,52.4,Pilot,city_north
Matthew Carter,58,180.9,79.9,Engineer,city_north
Stacy Dean,29,157.7,102.8,Engineer,city_west
Christopher Jackson,33,166.7,77.2,Writer,city_south
Stacy Washington,53,163,76.9,Nurse,city_east
Kayla Matthews,67,152.6,95.8,Doctor,city_east
Michael English,64,197.2,57.8,Architect,city_west
Christian Thomas,45,153.8,112.9,Consultant,city_east
Michael Stephens,23,177.2,114.7,Photographer,city_south
Denise Pearson,66,159.7,79.9,Developer,city_north
Michael Wilson,39,167.9,83.4,Electrician,city_west
John Olsen,52,178.4,53.3,Doctor,city_east
Sheryl Powell,31,182.4,117.2,Developer,city_east
Benjamin Perez,67,160.4,76.4,Nurse,city_south
Crystal Campbell,52,169.3,97.1,Manager,city_west
Angela Johnson,63,182.2,84.1,Analyst,city_north
Julie Cole,28,158.9,74.5,Artist,city_north
Jeremy Dunlap,30,200,76.3,Writer,city_south
Cody Doyle,45,174.1,54.7,Nurse,city_east
Edwin Contreras,44,180.1,74.8,Photographer,city_east
John Mcbride,30,158.2,112,Pilot,city_east
Cassandra Marsh,47,188.4,110.1,Manager,city_east
Cheryl Rogers,39,195.1,74.4,Mechanic,city_south
Crystal Miller,38,147.2,71.3,Electrician,city_north
Kenneth Garcia,19,148.1,96.8,Lawyer,city_south
Christopher Miller,44,180,75.2,Designer,city_east
Dr. Bobby Smith,67,160.6,82,Engineer,city_east
Christine Sullivan,57,146,89.6,Doctor,city_south
Holly Walker,63,186.8,54.3,Artist,city_east
Debra Flowers,42,173.6,79,Writer,city_east
Amanda Avery,19,188.5,89.5,Teacher,city_south
Greg Hubbard,36,158,110.8,Architect,city_south
Kimberly Woods,51,157,71.6,Engineer,city_south
Marissa Johnson,55,188.5,81.8,Artist,city_west
Michael Lawson,26,178.8,72.5,Doctor,city_east
Sabrina Hamilton,61,181.6,88,Architect,city_west
Casey Meyers,53,190.1,55.2,Artist,city_north
Kenneth Collins,68,160.3,111.7,Electrician,city_south
Kathryn Rojas,41,145.6,102.5,Scientist,city_west
Wendy Floyd,24,191.4,66.5,Chef,city_west
Katherine Burns,23,162.5,83.4,Teacher,city_north
Christopher Gomez Jr.,36,196.1,67.2,Nurse,city_south
Mary Rios,53,180.1,90.3,Scientist,city_north
Krystal Robinson,24,194.6,109.6,Artist,city_west
Robert Rivera,63,155.7,58.3,Mechanic,city_east
Joseph Greene,31,163.2,70.7,Chef,city_east
Anthony Wood,53,159.8,51.1,Writer,city_south
Amanda Harper,45,197.2,65,Pilot,city_north
Amber Cherry,30,153.2,67.1,Electrician,city_north
Daniel Carpenter,45,163.4,77.1,Mechanic,city_north
Matthew Moreno,66,154.4,52.2,Photographer,city_south
Daniel Campbell,24,177.9,96.7,Architect,city_south
Theodore Blair,66,152.3,51.5,Chef,city_west
Leonard Wilson,69,151.3,53.7,Chef,city_west
Mikayla Oconnor,37,189.8,79.6,Writer,city_north
Gabriela Newman,22,159.5,74.4,Pilot,city_south
Stephanie Hood,56,160.5,109.4,Lawyer,city_west
Jennifer Long,27,153.1,71.5,Electrician,city_west
Heather Smith,29,170.7,72.4,Photographer,city_east
Jessica Hernandez,63,176.6,46.9,Analyst,city_east
David Butler,20,156.3,104.2,Nurse,city_north
Stephanie Avila,40,194,95.1,Electrician,city_south
Heather Howard,28,197.8,61.9,Chef,city_south
Rhonda Benitez,30,190.1,82.5,Engineer,city_east
Laura Rowe,22,157.1,73.2,Photographer,city_south
Carlos Perry,41,194.5,79.3,Analyst,city_south
Tiffany Davis,34,176.3,54.8,Mechanic,city_west
Kim Hall,28,155.5,53.2,Chef,city_north
Mark Cross,49,192,79.4,Artist,city_north
Sara Price,49,150.8,73.8,Student,city_south
Tracy Green,69,192.7,102,Artist,city_east
Scott Murphy,53,191.2,91.4,Scientist,city_east
Rebecca Hamilton,47,186.5,115.5,Architect,city_south
Michelle Faulkner,60,188.4,98.4,Architect,city_east
Brandon Miller,60,153,76.6,Writer,city_north
Alicia Suarez,57,180.1,112.5,Photographer,city_north
Joshua Hernandez,36,159.3,89.8,Developer,city_west
Laurie Mcclure,22,190.2,48.4,Mechanic,city_east
James Perez,66,185.3,46.2,Pilot,city_west
Wayne Wagner Jr.,58,188.5,49.8,Nurse,city_east
Ryan Pham,37,163.9,105.4,Engineer,city_east
Melinda Rios,57,194.1,78.2,Engineer,city_west
Peter Banks,61,191.3,57.6,Photographer,city_west
Scott Luna,46,189.8,102.2,Analyst,city_west
Dawn Carter,56,176.5,115.6,Nurse,city_west
Edward Williams,43,184.6,96.1,Teacher,city_north
Charles Wilson,66,178.9,82.7,Scientist,city_west
Mr. Christopher Hopkins Jr.,30,146.1,47.2,Electrician,city_north
Melissa Carney,24,190.8,73.2,Chef,city_north
William Patterson,35,160.6,84.7,Artist,city_south
Kristine Andrews,58,151.2,47.7,Scientist,city_west
Stephanie Waters,28,170.4,68.4,Writer,city_south
James Randall,42,157.5,56.3,Student,city_east
Andrew Beasley,44,157.7,114.9,Analyst,city_south
Carrie Brooks,58,145.3,57.6,Mechanic,city_east
Amber Bass,66,199.3,45.1,Doctor,city_east
Andrew Jackson,41,187.7,80.5,Scientist,city_north
Judith Smith,38,196.6,56.3,Analyst,city_south
Bryan Romero,34,161.1,74.1,Consultant,city_north
Nicholas Hess,67,170.1,113.2,Electrician,city_north
Jamie Howard,45,155.9,76.7,Lawyer,city_west
Darlene Velasquez,23,184.6,86,Consultant,city_north
Craig Farrell,30,149.3,82.6,Student,city_west
Richard Peters,23,185.6,58,Manager,city_west
John Martin,69,178.1,102.3,Artist,city_north
David White,53,160.9,97.4,Designer,city_south
Emily Brown,58,152.5,103,Architect,city_south
Christopher Mccoy,34,166.1,99.4,Developer,city_west
Scott Jones,52,193.8,98.7,Student,city_west
Thomas Evans,53,150.8,89.2,Photographer,city_east
Alexander Bell,56,158.3,74.9,Analyst,city_south
Andrew Briggs,41,159.9,50.9,Consultant,city_south
Amy Adams,68,146.2,55.6,Nurse,city_west
Michael Holt,38,146.8,107.4,Developer,city_west
Maxwell Smith,24,184.3,76.3,Engineer,city_north
Kimberly Lewis DDS,25,155,52.3,Pilot,city_west
Gary Harper,53,188.3,90.8,Scientist,city_north
Amanda Clark,54,164.3,78.7,Engineer,city_east
Travis Baxter,29,175.9,46,Nurse,city_east
Stephen Ferrell,66,189,81.3,Chef,city_north
Gary Lucas,60,190.1,77.9,Architect,city_east
Adam Shaw,57,183.6,66.8,Teacher,city_west
Mrs. Jill Terrell DVM,34,182.6,105.2,Mechanic,city_west
Ashley Roth,49,158.9,54.3,Photographer,city_east
Michael Hernandez,39,175.8,98.3,Mechanic,city_north
John Johnson,43,168.3,106.9,Chef,city_north
Morgan Hill,41,159.4,56.3,Student,city_west
Don Ramos,26,175.9,61.8,Analyst,city_west
Brent Jacobs,45,168.2,81,Designer,city_west
Michael Simmons,69,158,52.7,Consultant,city_west
Connie Hudson,21,155.7,59.8,Chef,city_west
Jason Thomas,68,177.9,118.8,Writer,city_west
Brittany Bishop,50,154.2,81.6,Scientist,city_north
David Stevens,45,187.1,96.9,Developer,city_south
Kyle Pearson,50,177.7,57.7,Teacher,city_east
Manuel Hensley,53,164.2,48,Architect,city_east
John Thomas,32,181.3,93.4,Electrician,city_north
Joseph Merritt,21,170.4,84.1,Manager,city_south
Jennifer Elliott,26,179.8,98.1,Doctor,city_west
Brandi Fuentes,33,197.8,81.8,Scientist,city_north
Amber Wu,23,194.5,103.9,Mechanic,city_south
Katie George,61,198.2,104.1,Student,city_north
Timothy Smith,36,160.8,73.6,Teacher,city_north
Jennifer Sutton,64,172.5,107,Scientist,city_west
Jennifer Bray,22,156.4,47.4,Artist,city_south
Samuel Stewart,28,172.8,86.8,Student,city_north
Nichole Powers,65,166.3,85.1,Mechanic,city_west
Diana Garcia,18,171.1,46.8,Lawyer,city_north
Jason Mercer,58,179.9,115.9,Manager,city_south
Harold Rodriguez,69,167.6,50.2,Architect,city_south
Laura Smith,39,157.6,60.4,Artist,city_west
William Robertson,58,178.4,113.5,Designer,city_west
Diana Sullivan,34,179.2,82,Lawyer,city_east
Phillip Beck,63,169.1,60.1,Consultant,city_west
Kelly Harrison,21,182,72.7,Doctor,city_south
Andrew Brown,46,171.4,54.2,Manager,city_north
Angela Bowman,59,168,96.7,Manager,city_north
Daniel Smith,26,163.1,117.8,Designer,city_west
Monica Adams,59,188.7,112.9,Electrician,city_north
Erin Clark,40,174,115.7,Designer,city_west
Ryan Golden,47,153.4,108.8,Electrician,city_south
Timothy Lyons,34,165.2,93.9,Engineer,city_west
Daniel Cox,32,164.2,98,Artist,city_south
Heather Armstrong,65,171.5,104.5,Writer,city_south
Pamela Welch,28,170.7,48.9,Chef,city_north
Jennifer Williams,55,178,116.6,Chef,city_east
Rebecca Fisher,56,180.4,76.3,Engineer,city_east
Kathleen Larsen,65,176.6,48.3,Artist,city_south
Denise Richardson,62,164.5,55.2,Consultant,city_west
Christopher Thomas,62,176.2,72.2,Analyst,city_south
Stephanie Kelly,54,153.1,110.9,Chef,city_west
Taylor Davis,65,171.3,84.4,Analyst,city_east
Nicholas Gray,40,146.1,119.3,Artist,city_north
Nichole Johnson,32,154.7,109.2,Lawyer,city_north
Aaron Salas,53,177.1,74.7,Manager,city_east
Michael Jones,48,196.1,72.5,Artist,city_north
Kristina Calderon,58,198.3,70.1,Electrician,city_west
Patricia Fitzgerald,67,161.6,64.7,Student,city_west
Michael Nguyen,21,168.5,61.3,Mechanic,city_west
Dr. Lauren Shaw,30,163.6,101.6,Writer,city_west
Christina Moore,69,147.7,95.6,Architect,city_south
Sarah Lee,19,165.2,49.3,Doctor,city_north
Steven Baker,43,178.6,112.9,Analyst,city_east
Stephanie Hernandez,46,166.7,49.3,Pilot,city_north
Carol Floyd,34,187.8,109.5,Electrician,city_east
Jon King,44,171,47.1,Pilot,city_east
Craig Watson,59,152,89.7,Nurse,city_east
Christopher Soto,64,155.2,115,Analyst,city_east
Lisa Chavez,59,180.1,48.7,Pilot,city_west
Joanne Sanders,61,190,61.9,Photographer,city_east
Tracy Powell,42,199.8,108.2,Pilot,city_south
Holly Collins,62,166.2,95.6,Artist,city_south
John Schmidt,68,164,68.2,Analyst,city_south
Anthony Stephens,21,155.7,111.7,Manager,city_south
Rachel Luna,68,163,88.7,Student,city_west
David Burns,29,166.6,111.2,Student,city_west
Brandy Hodges,60,171,110.5,Consultant,city_north
Peter Gutierrez,19,161.3,60.6,Analyst,city_east
Edward Hinton,59,165.9,77.4,Consultant,city_north
Thomas Joseph,52,184.6,78.8,Nurse,city_north
Anthony Smith,45,177,86.9,Mechanic,city_north
Noah Garcia,60,153.7,107.1,Lawyer,city_south
Angel Taylor,18,175.4,87.6,Analyst,city_south
Heather Lewis,23,190.5,63.7,Lawyer,city_east
Eric Davila,61,194.8,62.8,Pilot,city_east
Sabrina Nguyen,68,192,54.4,Scientist,city_south
Kristen Mccormick,65,159.3,75.6,Architect,city_south
Nichole Frederick,52,189.6,92.1,Student,city_west
Tina Sanders,33,198,105.5,Scientist,city_north
Brian Jones,68,194.4,78.9,Lawyer,city_north
Jerry Hunt,18,167.9,118.3,Photographer,city_south
Thomas Marshall,45,154.3,116.4,Mechanic,city_north
Melissa Burton,40,164.8,67.9,Lawyer,city_west
Justin Nichols,58,170.7,70.6,Student,city_north
Lisa Gallegos,45,164.1,62.9,Designer,city_north
Kyle Foster,41,169.5,54.5,Photographer,city_north
Mark Reynolds,68,187.2,78.6,Architect,city_west
Megan Young,65,179.5,86.9,Artist,city_north
Patty Brown,55,181.3,96,Artist,city_east
Darlene Edwards,59,192.3,55.8,Developer,city_west
Cody Holmes,55,172.3,97.6,Scientist,city_south
Joel Cooper,63,188.5,108.8,Artist,city_east
Anna Schwartz,70,159.9,64.3,Engineer,city_east
Erik Ferguson,34,170.6,49.4,Manager,city_north
Aaron Hansen,28,176.8,116.9,Nurse,city_north
Timothy Jackson,40,152.3,99.1,Analyst,city_west
William Anderson,19,155.2,51.7,Analyst,city_south
Rebecca Taylor,55,167.2,106.4,Analyst,city_east
Spencer Jones,24,158.2,56,Lawyer,city_south
Thomas Robinson,36,176.8,110.4,Designer,city_west
Jacob Patrick,22,148.2,46,Doctor,city_south
Alexander Bowers III,24,158.3,114.8,Analyst,city_east
Kendra Fuller,34,147.6,46,Chef,city_north
April King,69,147,99.4,Electrician,city_west
Mark Anderson,66,194.1,67.8,Developer,city_north
Tracy Horn,67,161.2,54.1,Writer,city_south
Donna Krause,44,190.4,93.6,Engineer,city_south
Joseph Harris,34,184.9,104.6,Student,city_north
Lauren Osborne,63,180.3,87.9,Student,city_south
Michael Fischer,32,152.3,52.1,Engineer,city_east
Megan Lee,44,173.7,72.8,Chef,city_west
Paula Brown,67,190.9,105,Designer,city_west
Brian Harmon,33,170.5,104.6,Nurse,city_north
Pamela Davis,25,152.2,63.2,Scientist,city_south
Paul Hoffman DVM,46,149.1,93.4,Consultant,city_east
Shawn Villa,19,170,92.6,Engineer,city_south
Amy Clarke,53,197,58.9,Scientist,city_south
Karen Cox MD,67,170.3,45.5,Mechanic,city_east
Elizabeth Duffy,29,176.1,111.1,Doctor,city_east
Christopher Price,50,178,109.6,Mechanic,city_west
Kenneth Davis,32,167.4,63.3,Mechanic,city_east
Gregory Mcdonald,51,165.8,98.9,Electrician,city_north
Scott Cunningham,66,149.8,60.8,Writer,city_west
Samantha Norris,60,163.6,115.5,Consultant,city_east
Adrienne Smith,69,146.3,98.6,Chef,city_south
Connie Alexander,37,168.6,66.5,Writer,city_south
Barbara Chavez,61,168.9,47.4,Designer,city_south
Michael Moore,31,160.8,62.6,Consultant,city_north
Sarah Klein,36,155.8,118.3,Pilot,city_north
Bruce Ryan,63,175.9,62.9,Photographer,city_south
Kelsey Sanchez,34,170,78.7,Engineer,city_north
Nicole Ramirez,62,190.9,48.4,Engineer,city_north
Jessica Anderson,58,160.9,82.6,Engineer,city_north
Jennifer Vang,69,181.8,115.3,Photographer,city_north
Gregory Horton,27,165.8,64.4,Nurse,city_west
William Rowe,65,181.7,113.9,Developer,city_north
Richard Davis,39,171.7,100.3,Photographer,city_south
Karen Flores,51,147.6,87,Lawyer,city_east
Sarah Harrison,24,166.9,54.3,Teacher,city_east
Brian Reed,49,187.6,59.4,Chef,city_east
Michael Davis,66,172.4,109,Designer,city_west
Kimberly Boyle,57,185.1,86.9,Developer,city_west
Sally Mann,39,197,56.9,Scientist,city_east
Bill Pittman,37,159.8,99.5,Lawyer,city_south
Paula Martin,54,192.6,101.8,Designer,city_south
Bryan Williams,26,188.5,110,Artist,city_east
Dustin Montgomery,50,168.7,59.1,Writer,city_south
Monica Santos,30,199.6,77.7,Student,city_west
Tamara Williams,22,190,81.6,Lawyer,city_north
Heather Taylor,40,191.2,110.5,Artist,city_east
Paul White,45,192.7,80.4,Teacher,city_north
Jesse Clark,64,196.4,107.9,Doctor,city_south
Casey Miller,64,160.2,113.7,Pilot,city_south
Derek Carr,64,170,106.9,Teacher,city_north
Theodore Jones,66,193.7,85.7,Architect,city_south
Patricia Miranda,52,160.3,101.5,Manager,city_west
Christopher Lawrence,35,196.5,114.6,Nurse,city_east
Daniel Miles,66,173.6,90.8,Consultant,city_south
Rachel Rubio,41,183.9,56.3,Mechanic,city_east
Jillian Shaffer,67,154,63.7,Student,city_west
Alvin Mann,63,165.1,64.1,Pilot,city_east
Mackenzie Morgan,45,160.3,50.7,Consultant,city_east
Derrick Thomas,41,157.6,95.6,Chef,city_north
Carl Williams,29,162.9,115.4,Doctor,city_west
Lisa Smith,55,153.4,100.3,Designer,city_south
John Martin,62,160.9,82.4,Manager,city_north
Lori Thornton,41,189.9,92.6,Teacher,city_west
Alex Leon,43,164.6,70.6,Designer,city_west
Michele Clark,64,166.3,73.9,Designer,city_west
Natalie Parker,18,151.9,118.8,Photographer,city_north
Lisa Fernandez,52,149.5,95.9,Teacher,city_south
Tiffany Howard,22,183.5,90.5,Lawyer,city_south
Brenda Johnston,28,172.2,82.4,Scientist,city_west
Mark Harper,58,155.6,60,Artist,city_east
Thomas Stanley,30,178.9,61.4,Manager,city_east
Jason Sexton,35,186.7,60.5,Nurse,city_east
Pamela Anderson,25,196.9,96.5,Architect,city_south
Victor Castillo,67,183,60,Pilot,city_south
Catherine Graham,54,152.7,54.7,Scientist,city_south
Amanda Gibson,24,183.9,61.9,Architect,city_east
Megan Castro,31,192.1,60.1,Scientist,city_east
Jenna Roberts,33,146.8,95.6,Artist,city_north
Jacqueline Esparza,41,167.4,94.8,Analyst,city_west
David Lopez,63,155,113.9,Engineer,city_east
Jon Johnston,39,192.5,90.3,Nurse,city_west
Ms. Heather Chan,48,191.3,93.5,Doctor,city_north
Jonathan Caldwell,24,157.8,88.5,Developer,city_south
Jerry Pugh,57,161.2,70.1,Nurse,city_east
Miss Cindy Vazquez,63,152.8,59,Photographer,city_east
Jacqueline Mccoy,61,147.2,78.9,Writer,city_west
Jonathan Vasquez,37,194.2,112.4,Manager,city_west
Autumn Clarke,24,148.1,118,Lawyer,city_south
Leslie Stokes,28,167,96.1,Analyst,city_west
Andrea Vega,48,184.2,75,Doctor,city_west
Jennifer Price,22,189.9,98.1,Doctor,city_south
Kimberly Gilbert,34,167.3,109.2,Chef,city_south
Bruce Ramirez,30,159.4,52.6,Photographer,city_north
Tammy Moore,58,159.4,48.5,Developer,city_east
Jacqueline Martin,56,174.9,82.3,Artist,city_east
Daniel Davis,53,194,70.5,Analyst,city_south
Kathleen Holmes,56,149.5,61.7,Manager,city_west
Xavier Brooks,27,166.1,104.5,Scientist,city_east
Eric Herrera,53,193.9,111,Consultant,city_east
Andrea Weaver,36,190.7,84.3,Chef,city_east
Donald Alvarez,23,170.5,71.3,Artist,city_south
Christine Gallegos,40,193.1,86,Doctor,city_west
Robyn Hancock,42,185.6,46.2,Engineer,city_east
Yolanda Smith,48,155.4,70.1,Artist,city_east
Randy Baker,41,181.4,48.7,Pilot,city_north
Maria Walsh,25,159.6,61.5,Photographer,city_south
Stephanie Williams,28,163.7,90.3,Designer,city_east
Teresa Reyes,48,158.9,114.6,Student,city_south
Doris King,37,146.5,65.3,Designer,city_south
Vicki Moran DVM,56,199.5,89.6,Writer,city_south
Brandon Davis,25,193.2,89.2,Artist,city_west
Victoria Hammond,52,147.4,80.1,Developer,city_north
Isaiah Mercado,64,180.3,56.9,Student,city_south
Rhonda Kramer,34,191.7,70.5,Student,city_east
Amanda Cox,27,180.9,103.7,Analyst,city_south
Steven Edwards,55,174.5,109.5,Student,city_south
Stephanie Franklin,55,164.4,103,Student,city_north
Debbie Thompson,67,166.7,105.8,Engineer,city_east
Anthony Liu,18,177,103.5,Pilot,city_east
Lisa Morris,33,168.4,66.5,Pilot,city_north
Patricia Lang,44,167.4,65.5,Doctor,city_south
Stephanie Johnson,18,178.3,60.4,Electrician,city_south
Paul Love,50,195.3,51.1,Consultant,city_south
Catherine Elliott,30,148,86.5,Lawyer,city_north
Sonya Robinson DVM,21,177.7,77,Analyst,city_south
Melody Joseph,67,186.6,92.9,Writer,city_south
Mr. Thomas Jacobs,24,164.1,59.8,Lawyer,city_north
Juan Kane,29,164.8,103.4,Chef,city_west
Zachary Kennedy,68,163.2,98.2,Consultant,city_north
Mr. Paul Pierce,45,153.5,60.7,Doctor,city_south
Tyrone Santos,49,187.9,65.8,Lawyer,city_east
Patricia Reed,44,152.7,58.7,Architect,city_east
Kristin Gonzalez,67,193.9,55,Electrician,city_east
Darren Hatfield,30,193.2,113.4,Chef,city_north
Samantha Gibson,47,188.5,103.5,Manager,city_west
Joanna Olson,34,161,61.6,Photographer,city_west
Madison Jones,48,185.6,52.8,Nurse,city_east
Jaime Mason,20,171.8,52.2,Teacher,city_north
Julia Sandoval,26,191.6,113.8,Chef,city_east
Shawn Hoover,43,175.7,109.8,Pilot,city_south
Jill Nguyen,51,150.7,65.6,Nurse,city_east
Darryl Mccall,25,183.9,88.6,Nurse,city_north
Mrs. Mackenzie Hart,65,151.8,64.4,Developer,city_west
Kenneth Harris,33,145.4,56.2,Developer,city_east
Colleen Richards,21,178.8,61.4,Doctor,city_south
Kimberly Dean,32,198,67,Architect,city_west
Alexis English,41,180.8,61.4,Pilot,city_east
Jessica Martinez,58,196.6,55.1,Student,city_west
Tim Stone,32,150.8,72.7,Student,city_east
Ashley Whitaker,35,168.1,49.8,Lawyer,city_west
Dr. Joshua Rogers,31,151.9,79.1,Photographer,city_east
Jennifer Parker,48,166.3,119.4,Analyst,city_south
Heather Escobar,59,154.3,93.7,Photographer,city_south
Tyler Williams,46,180.8,102.5,Designer,city_east
Ruben Ortiz,18,161.3,82.8,Student,city_east
Jacqueline Collins,67,184.3,77.3,Consultant,city_west
Ashley Yang,18,174.4,50.6,Scientist,city_north
Hailey Combs,52,149.8,57,Teacher,city_east
Jaime Guerrero,37,195.4,73.5,Architect,city_south
William Kramer,43,197.8,81.1,Manager,city_west
Sharon Mcdowell,41,176.1,106,Engineer,city_south
Sean Osborne,54,163.5,66.4,Photographer,city_south
Teresa Frazier,67,181.1,112.1,Nurse,city_north
Joseph Thomas,56,197.7,87.7,Chef,city_south
Grant Huang,62,200,71,Analyst,city_south
Jason Anderson,45,184.2,68.7,Pilot,city_north
Luis Barnes,28,180.7,97.9,Doctor,city_north
Kelly Cardenas,39,174.4,111.2,Scientist,city_south
Elizabeth Ryan,58,167.2,116.5,Designer,city_east
Sandra Johnston,54,191.6,70.1,Engineer,city_south
Cindy Wood,33,195.4,74.7,Scientist,city_east
Jennifer Griffin,60,153,119.2,Scientist,city_east
Renee Patterson,30,163.6,46,Nurse,city_west
Douglas Diaz,40,172.6,81.1,Engineer,city_west
Kristen Hendrix,30,188.4,60.5,Scientist,city_south
April Gonzalez,65,169.7,81.4,Chef,city_south
Kayla Barnes,29,193.8,49.2,Lawyer,city_east
Andrew Mendez,22,175.6,112.5,Student,city_south
John Smith,53,196.6,68.4,Writer,city_east
Brandon Greene,25,171,107.3,Developer,city_east
Jason Scott,43,174.6,112.1,Lawyer,city_south
Michael French,24,179.6,105.2,Doctor,city_west
Travis Palmer,44,165.4,60.5,Photographer,city_east
Allison Zimmerman,61,174.9,117.9,Developer,city_north
Angela Hess,23,145.5,97.5,Chef,city_east
Jennifer Thomas,33,166,115.8,Teacher,city_north
Tom Long,44,192.4,84.3,Consultant,city_east
Heather Ward,18,149.2,66.6,Nurse,city_north
Nancy Harvey,32,148.7,56.3,Writer,city_east
Alexander Floyd,26,165.9,103.6,Artist,city_west
Jesus Higgins,45,181.3,82.1,Chef,city_north
Stephanie Robbins,33,179,77.4,Engineer,city_east
Megan Hill,53,146.7,61.6,Teacher,city_east
Mary Terry,69,162.5,52.6,Doctor,city_south
Kenneth Scott,31,166.8,112.6,Chef,city_west
Robert Hall,59,180.5,56.3,Architect,city_north
Rachael Barnes,49,164.5,87.3,Designer,city_west
Sabrina Roach,46,188,87.2,Engineer,city_east
Russell Daugherty,19,157,48.7,Pilot,city_west
Amy Howell,40,155.6,88.4,Electrician,city_north
Todd Mejia,61,167.5,56,Analyst,city_west
Alisha Rodriguez,49,160.2,56,Designer,city_north
Christine Fischer,54,171.4,115.1,Writer,city_west
Justin Hill,32,166.2,75.3,Architect,city_west
Rhonda Lee,59,198.5,108.4,Artist,city_west
Lindsey Fischer,59,156,107.8,Lawyer,city_south
Brian Turner,31,163,68.6,Engineer,city_east
Valerie Anderson,61,168.8,45.4,Architect,city_south
Greg Kennedy,60,163.3,115.7,Architect,city_east
Jeremy Guerrero,58,177.2,91.8,Lawyer,city_south
Christopher Griffith,31,187.9,82.2,Doctor,city_west
Gail Payne,40,166.1,62.3,Student,city_east
Tammy Clark,54,173.4,49.4,Lawyer,city_west
Michael Williams,61,192.5,115.8,Manager,city_south
Brian Burgess,49,171.3,52.7,Pilot,city_west
Kenneth Velez,30,159.4,110.9,Developer,city_west
Brandon Paul,30,191.4,106.7,Student,city_south
Jason Townsend,23,172.4,69.5,Electrician,city_west
Emily Frank,52,183.3,45.6,Artist,city_south
Taylor Roach,46,146.4,87.2,Electrician,city_west
Willie Huffman,41,177,53.6,Consultant,city_north
Rachel Bell,36,177.3,118,Student,city_north
Kenneth Gonzalez,64,188.6,65.7,Electrician,city_north
Amanda Smith,43,159,58.7,Doctor,city_north
Noah Campbell,25,197.2,108.7,Lawyer,city_south
William Mills,62,185.2,67.8,Analyst,city_west
Patrick Schmitt,27,173.6,80.6,Engineer,city_west
Jonathan Ferguson,49,186.7,81.8,Electrician,city_east
Chelsea Carr,28,169.1,56,Scientist,city_east
James Johnson,60,148.9,108.8,Developer,city_north
Michaela Davis,63,182.2,78.9,Manager,city_east
Grant Walsh,36,161.2,112.2,Nurse,city_west
Jeremy Hicks,61,177.1,77.9,Lawyer,city_north
Kendra Stewart,29,150.2,92.8,Engineer,city_north
Amy Stone,58,176.6,63.3,Student,city_west
Andrew Smith,61,145,66.4,Analyst,city_east
John Williams,42,175.7,63.5,Chef,city_north
Peter Mcgee MD,32,156.9,108.3,Artist,city_south
Jonathan Harris,56,162,62.9,Mechanic,city_north
Chad Sanchez,49,152.8,101.1,Chef,city_west
Renee Marks,29,199.1,45.7,Analyst,city_east
Mariah Lopez,66,189.5,81.5,Manager,city_east
Lucas Phillips,25,196.2,72.8,Engineer,city_west
Linda Castro,51,173,70.7,Lawyer,city_west
Jenna Brown,66,192.4,84,Doctor,city_west
Kevin Anderson,27,147.9,70.1,Nurse,city_west
Sharon Daniels,44,178.4,47,Electrician,city_south
Chelsea Calderon,32,188.9,86.8,Designer,city_east
Elizabeth Ochoa,29,171.5,76.8,Designer,city_east
Mr. Nicholas Richards,29,147.4,72.7,Developer,city_north
Jeremy Martin,26,175.5,117,Mechanic,city_west
Jason Holmes,60,164.5,48.4,Scientist,city_north
Diane Williams,37,158.6,93.4,Pilot,city_west
Julia Johnson,42,170.7,81.6,Scientist,city_east
Alyssa Davis,47,188.5,60.1,Doctor,city_south
Kelly Wright,48,147.9,68.8,Photographer,city_north
Austin Holland,44,198.6,82.2,Architect,city_west
Edward Roberts,19,163.3,54.3,Architect,city_north
Charles Pierce,19,193,60.4,Photographer,city_south
Terrance Anderson,67,153,79.6,Artist,city_east
Angela Bailey,59,176.5,113.7,Scientist,city_north
John Wagner,62,164.6,74.3,Designer,city_west
Steven Johnson,60,153.3,58.8,Manager,city_west
Hannah Moore,59,167.4,111.4,Developer,city_north
Allison Mcmahon,20,191,113.1,Architect,city_north
Steven Boyd,48,187.5,101.9,Designer,city_east
Samantha Garrett,57,178.5,79.8,Photographer,city_west
Larry Morales,56,183,106.3,Scientist,city_west
Christopher Brown,35,152.9,53.3,Mechanic,city_south
Lawrence Flores,26,145.7,59.1,Electrician,city_west
Chad White,61,153,82,Artist,city_west
Benjamin Simpson,62,188,74.5,Writer,city_east
Adriana Jordan,34,145.9,47.4,Writer,city_south
William Howell,48,172.5,74.9,Lawyer,city_west
Mr. Adam Banks,40,176.5,77.6,Nurse,city_north
Dr. April Conrad,23,193.9,55.7,Teacher,city_south
Richard Reyes,20,195.6,85.4,Doctor,city_south
Brian Santiago,29,172.7,89.8,Developer,city_north
James Davis,50,147.7,96.4,Mechanic,city_west
Margaret Smith,50,148.8,110.1,Lawyer,city_west
Ryan Cruz,64,181.5,52.8,Architect,city_south
Katelyn Thompson,38,170.7,61.9,Student,city_south
Matthew Smith,68,183,84.7,Chef,city_west
Joshua Lara,67,159.3,119.6,Manager,city_east
Johnny Freeman,19,147.9,113.7,Manager,city_north
Matthew Nixon,62,147.4,49.1,Chef,city_south
Joshua Branch,54,169,93,Chef,city_west
Leslie Gillespie,62,161.2,87.5,Consultant,city_north
Richard Briggs,19,190.9,68.9,Student,city_north
James Mills,26,173.7,61.5,Mechanic,city_north
Matthew Alexander,29,164.3,75.3,Doctor,city_west
Monique Perez,43,147.4,98.8,Engineer,city_west
Richard Payne,70,161.4,99.4,Manager,city_south
Mary Rowe,20,187.3,80.9,Scientist,city_west
Corey Nguyen,37,182.9,95.5,Developer,city_east
Angelica Patel,28,159.3,107.4,Architect,city_west
Sherry Fox,47,168.8,98.7,Engineer,city_south
Michael Thomas,25,183.8,53.5,Developer,city_east
Cynthia Jefferson,41,169.5,106.5,Chef,city_west
Whitney Williams,22,151.8,103,Scientist,city_north
Patrick Ewing,55,168,61.9,Nurse,city_west
Brian Price,48,148.7,56.4,Teacher,city_west
Sabrina Benitez,20,173.6,105.2,Developer,city_west
Crystal Stone,45,186,88.3,Teacher,city_north
Jennifer Gardner,20,181.1,118.5,Pilot,city_south
Joseph Nolan,50,173.5,99.2,Architect,city_east
Roy Robbins,69,177.3,52.5,Writer,city_north
Angela Sharp,46,185.3,70.6,Writer,city_south
Danielle Ellis,23,182.8,106.8,Lawyer,city_north
Melissa Reyes,19,154.8,88.5,Doctor,city_east
Debra Villanueva,54,161.4,117.4,Lawyer,city_north
David Hull,31,146.1,55.5,Engineer,city_east
Katie Martin,53,154.6,52.6,Consultant,city_west
Wesley Johnson,23,180.5,97.6,Manager,city_east
Sandy Cantu,58,186.3,93.2,Analyst,city_west
Mark Trevino,61,149.7,65.8,Manager,city_south
James Keith,36,182,87.3,Doctor,city_west
Dale Harris,60,177,97.9,Developer,city_north
Jennifer Baker,31,180.6,72.1,Manager,city_west
Paul Mcmahon,49,184.9,65.1,Artist,city_south
Sharon Gardner,50,158.8,46.9,Teacher,city_east
Tracey Price,46,159.1,84.5,Analyst,city_south
Brittany Martin,48,179.9,65.4,Designer,city_north
Barbara Tran,47,195.4,90.8,Lawyer,city_west
Albert Fitzgerald,28,197.1,64.3,Teacher,city_west
Jessica Baker,59,156.9,110.6,Teacher,city_north
Richard Evans,35,189.7,69.8,Teacher,city_north
Jessica Hogan,32,181.6,111.8,Teacher,city_west
Paul Salinas,53,145.7,58.7,Electrician,city_east
Jeffrey Martin III,44,149.3,100,Writer,city_east
Laura Knight,19,191.9,62.6,Consultant,city_south
John Smith,65,194.1,73.3,Lawyer,city_east
Scott Smith,59,150.5,87.2,Doctor,city_east
Jennifer Hale,28,161.6,47.2,Engineer,city_west
Jennifer Yoder,43,159.9,119.3,Pilot,city_south
Mrs. Tracey Harris,46,181.4,105.1,Chef,city_east
Rhonda George,43,160.6,109.5,Electrician,city_north
Kelsey Smith,33,157.7,64.7,Electrician,city_west
Amanda Haynes,36,198.2,73.2,Developer,city_south
Troy Morrow,21,174.2,110.1,Pilot,city_west
Christian Wilson,52,197.8,76.2,Manager,city_south
Ann Jones,36,176.1,52.9,Manager,city_north
Frances Hill,69,165,76.4,Doctor,city_north
Kylie Nguyen,66,170.5,68.8,Teacher,city_west
Katherine Nelson,59,172,56.7,Mechanic,city_south
Tami Greer,69,156,74.6,Teacher,city_south
Alexandra Shaw,25,194.4,111.9,Manager,city_south
Dominique Duran,55,146.7,89.6,Teacher,city_south
Cesar Jackson,55,149.4,111.5,Manager,city_south
Angelica Dodson,40,191.8,118.8,Engineer,city_south
Luke Hurst,58,194,107.3,Designer,city_south
Daniel Smith,25,184,107.1,Student,city_east
Joseph Howard,59,175.5,107.5,Teacher,city_north
Dr. Dawn Martin MD,23,156,116.7,Electrician,city_south
Richard Park,44,190.4,74,Analyst,city_east
Troy Davis,53,162.2,50.9,Engineer,city_south
Stephen Davis,61,153.8,90.3,Consultant,city_south
Jeffrey Johnson,27,196.1,80,Pilot,city_west
Harold Simon,24,155,74.8,Photographer,city_west
Sandra Curry,44,194.9,108.7,Artist,city_south
Jodi Mitchell,65,174.7,113.4,Analyst,city_west
Julie Sanders,54,158.8,77.1,Analyst,city_west
Candace White,59,145,46.1,Photographer,city_west
Tanya Jennings,45,198.8,56.9,Chef,city_east
Brandon Mckay,40,172.1,101.2,Engineer,city_east
Jessica Herrera,60,156.3,119,Consultant,city_south
Brian Williams,40,156.7,119.7,Designer,city_west
Faith Walker,55,160.5,115.5,Writer,city_north
Kelsey Montes,70,187.7,104.6,Doctor,city_west
Joseph Andrews,48,178.8,84.7,Architect,city_east
Eric Johnson,63,165.2,50.9,Nurse,city_east
Kimberly Simmons,30,159.3,73.3,Consultant,city_north
Robin Powell,62,192.8,84.6,Analyst,city_east
Joshua Frederick,22,164.3,57.2,Student,city_south
Stephanie Compton,64,182.9,102,Engineer,city_south
David Reed,31,147.1,87.3,Student,city_south
Andrew Eaton,67,188.8,70,Chef,city_north
Melissa Bray,23,195.5,113.7,Student,city_north
Shelby Knox,36,183.9,74.6,Doctor,city_north
Monica Green,44,164.9,113.1,Doctor,city_south
Emily Williams,52,155.8,58.6,Chef,city_west
Kathryn Moody,45,160.7,46.7,Scientist,city_north
Brian Neal,40,161.3,95.9,Electrician,city_south
Joseph Bullock,27,178.3,114.6,Architect,city_east
Stephen Moore,65,153.5,101.7,Electrician,city_south
David Watkins,49,197.4,60.9,Electrician,city_east
Jessica Martin,28,192.2,61.9,Writer,city_west
Heather Cooper,70,167.9,95.7,Artist,city_south
Stacey Dunn,41,191.1,100.2,Engineer,city_west
David Pierce,20,153.2,62.9,Electrician,city_south
Jessica Sanchez,51,157.4,103.1,Architect,city_west
Adrienne Wilson,36,151.4,91.8,Analyst,city_west
Anthony Torres,67,200,105.3,Writer,city_north
Victor Barnett,42,199.9,49,Student,city_east
Kelsey Henderson,51,147.1,97.5,Analyst,city_south
Mr. Gary Snyder MD,58,155,73.9,Lawyer,city_south
Sergio Orr,33,176.2,88,Teacher,city_north
Sheri Johns,22,189.3,100.5,Pilot,city_south
Carlos Love,43,166.6,87.9,Manager,city_north
Angela Bennett,36,180.7,82.7,Photographer,city_east
Robert Brooks,50,161.5,72.2,Pilot,city_north
Kelly Hammond,42,164.2,54.6,Architect,city_west
Christina Moreno,53,177.5,48.2,Student,city_north
Brian Black,50,166,66.5,Electrician,city_east
William Ramirez,21,145.1,98,Writer,city_south
Rebecca Porter,70,189.7,60.3,Nurse,city_south
Steven Kim,31,172.6,45.2,Lawyer,city_south
Matthew Bradford,52,149.5,55.4,Analyst,city_south
Doris Cole PhD,59,179.8,111,Artist,city_east
Tyler Esparza,42,193,58.8,Chef,city_north
Steven Gregory,46,177.4,110.1,Lawyer,city_west
Amy Coleman,63,194.5,76.2,Doctor,city_east
Regina Cruz,29,159.1,53.3,Consultant,city_west
Emma Woods,36,179.3,111.9,Consultant,city_south
Daniel Roman,70,148.8,111.9,Developer,city_south
Seth Sullivan,41,186.9,108.5,Writer,city_south
Nicholas Simmons,68,199.7,80.6,Developer,city_west
Jasmine Rodgers,65,183.8,46.2,Photographer,city_east
Barbara Peters,55,170.2,49.3,Architect,city_north
Matthew English,50,147.4,66,Engineer,city_north
Brianna Tyler,42,195.3,119.9,Scientist,city_south
Rachel Ward,60,182.8,115.4,Mechanic,city_north
Nicholas Chen,65,149,98.4,Scientist,city_north
Benjamin Herman,70,172.7,48.2,Designer,city_north
William Richardson,37,160.2,72.7,Developer,city_east
Benjamin Martin,51,155.5,66.5,Consultant,city_south
Daniel Powell,30,155.5,80,Engineer,city_west
Micheal Morgan,53,162.6,53.6,Writer,city_east
Dana Goodwin,36,156.8,115.9,Designer,city_north
Tiffany Cross DDS,18,181.4,74,Designer,city_east
Lindsay Hess,40,160.5,78.7,Writer,city_east
Joann Nguyen,55,150.4,56.1,Engineer,city_east
Matthew Simpson,69,199.2,102.7,Doctor,city_west
Michelle Ayala DDS,22,161.1,97.3,Mechanic,city_south
Michele Robinson,46,195,107.6,Photographer,city_south
Elizabeth Roberts,33,161,75.1,Designer,city_north
Eric White,35,166,114.7,Writer,city_west
Tammy Perez MD,61,193.7,66.7,Artist,city_south
Catherine Ayers,19,168,104.6,Engineer,city_west
Tracy Roberts,24,194.5,108.8,Manager,city_north
Jennifer Morgan,18,174,100.8,Designer,city_east
Adriana Rivera,32,155.8,119.3,Lawyer,city_west
George Walton,34,152.1,70.8,Student,city_east
Matthew Jones,23,174.2,50,Pilot,city_north
Anthony Wilson,66,166.7,78.7,Chef,city_east
Jeffery Yates,34,151.9,115.7,Pilot,city_south
Tara Hernandez,33,180.5,69.7,Doctor,city_north
Ashlee Ramirez,33,163.9,79.7,Doctor,city_south
Dustin Rose,60,186.9,70.7,Mechanic,city_east
Denise Smith,23,167,94,Pilot,city_south
Andrew Davis,35,167.1,118.5,Nurse,city_west
Robert Clark,55,149.8,91.1,Consultant,city_south
William Hill,19,199,116.6,Manager,city_north
Deborah Morris,50,185.8,71.8,Engineer,city_west
Heather White,47,152.4,76.7,Student,city_north
Sydney Ward,32,169.7,108.3,Pilot,city_east
Joy Cruz,43,169.5,45,Doctor,city_south
Kathryn Daniels,46,188.9,78,Chef,city_south
Julie Irwin,30,146,82,Analyst,city_north
Kenneth Parker,54,185,78.4,Designer,city_north
Rachel Fox,62,190.5,45.8,Engineer,city_north
Valerie Wilson,20,199.8,49.5,Student,city_south
Edward Perry,28,172.7,57.4,Student,city_west
Mia Bailey,25,158.5,106.2,Photographer,city_east
Paul Gray,37,198.9,64.4,Consultant,city_south
Laura Hughes,36,148.4,67.7,Scientist,city_west
Nicholas Sanchez,66,164.7,72.4,Artist,city_west
Jeffery Olson,67,146.3,93.4,Nurse,city_east
Mrs. Lori Gordon,67,195.7,96.1,Designer,city_north
Lisa Bailey,27,177.6,60.7,Doctor,city_east
William Tucker,44,188.2,105.8,Manager,city_south
Jason Reyes,38,189.9,94.7,Consultant,city_east
James Mahoney,23,152.8,88.2,Electrician,city_south
Julia Wood,37,166.3,117.5,Nurse,city_south
Ryan Riley,56,198.4,86.6,Analyst,city_east
Brian Wolfe,70,194.2,114.4,Chef,city_west
Erica Matthews,40,163.6,66.8,Engineer,city_west
Charles Brady III,44,191.9,78,Artist,city_west
Jamie Quinn,63,146.6,106.1,Scientist,city_north
Paul King,32,147.3,56.7,Pilot,city_west
Theresa Miller,19,182.8,71,Doctor,city_north
Michelle Fleming,36,189.6,89.7,Mechanic,city_east
Jessica Griffin,55,186.6,78.5,Teacher,city_east
Bobby Carlson,35,188.6,98.2,Nurse,city_west
Felicia Barrera DDS,47,147,62,Pilot,city_east
Jody Phillips,61,147.6,59.2,Consultant,city_west
Sarah Edwards,40,171.5,103.8,Teacher,city_south
Stephen Summers,23,196.7,119,Writer,city_south
Matthew Graham,64,165.5,74.8,Manager,city_south
Frederick Barr,34,157.9,76.4,Student,city_east
James Steele,24,193.1,90.8,Chef,city_north
Jeremy Robertson,46,183.9,62.7,Doctor,city_west
Holly Griffin,43,183.6,51.7,Developer,city_west
Donna Dennis,53,169.8,62.6,Writer,city_east
Marissa Moore,22,157.6,71.8,Electrician,city_west
Vincent Rose,43,162.7,61.7,Nurse,city_west
Roberto Wilson,52,174.5,61.1,Photographer,city_east
David Brown,25,180,90.8,Chef,city_east
Richard Andersen,64,145.7,54.3,Pilot,city_east
Eric Martin,24,181.1,96.8,Developer,city_west
Michelle Davis,24,196.1,119.1,Student,city_south
Peter Marshall,50,179.9,101.7,Consultant,city_south
Gerald Gonzalez,56,166.8,83.7,Nurse,city_south
Joseph Alexander,33,146.4,82.9,Electrician,city_west
Karen Clayton,27,175.9,69.6,Manager,city_east
Cameron Olson,61,195.5,117.1,Analyst,city_south
Ryan Moore,23,183.2,53.6,Doctor,city_west
Melissa Anthony,41,146.9,79.6,Nurse,city_north
Dana Smith,66,198.1,79.9,Manager,city_east
Karen Griffin,65,167.5,68,Manager,city_west
Tim Ramirez,52,164.4,91.5,Electrician,city_east
Jennifer Scott,34,180.2,92,Chef,city_east
Kimberly Frank,51,193.9,81.3,Engineer,city_north
Kathryn Jackson,18,198.5,112.5,Writer,city_north
Sandra Kirk,31,159.2,71.2,Developer,city_west
Mathew Hamilton,54,181.1,94.1,Artist,city_north
Ernest Larson,57,161.5,67.6,Manager,city_west
Samantha Adkins,58,164.9,74.5,Developer,city_east
Gregory Vasquez,26,180,104.5,Engineer,city_north
Gregory Fox,46,164.1,65,Developer,city_east
Marcia Kelly,22,149.6,86.7,Lawyer,city_west
Tracy Chambers,52,188.6,117.7,Student,city_west
Kristen Hodge,68,177.6,86.9,Pilot,city_south
Kaitlin Pearson,66,153.6,49.2,Mechanic,city_north
Terry Long,39,169.5,64.1,Chef,city_east
Misty Evans,55,149.8,108.4,Consultant,city_south
Carl Miranda,66,188.7,72.1,Student,city_west
Kathryn Wood,19,185.8,51.8,Manager,city_south
Mrs. Amanda Montgomery MD,40,173.8,94,Engineer,city_north
Christine Leonard,49,185.2,93.9,Mechanic,city_west
Michelle Moore,44,165,45.8,Teacher,city_west
Rodney Kennedy,46,195.8,81.6,Consultant,city_north
Michael Wilson,67,196.2,67.5,Student,city_north
William White,27,156.4,64.6,Writer,city_north
Dylan Abbott,46,169.9,52.2,Pilot,city_west
Karen Bailey,62,156.9,84.5,Designer,city_west
Daniel Reed,27,178.6,90.4,Photographer,city_north
Colleen Thompson,26,150.9,47.5,Writer,city_west
Daniel Chandler,19,190.8,58.1,Analyst,city_west
Perry Wood,42,161,69.2,Artist,city_east
Joshua Gibson,38,164.2,63,Student,city_west
Michelle Bauer MD,34,165.7,94.4,Nurse,city_south
Seth Carroll,46,177,52.4,Engineer,city_west
Terri Walker,32,193.8,68.4,Pilot,city_west
William Perez,56,196.4,63.8,Manager,city_north
Cody Morse,64,164.6,66.9,Teacher,city_west
Douglas Shepherd,67,193.7,110,Manager,city_west
Dana Davis,68,168.6,83.3,Engineer,city_north
Cameron Simpson,40,176.9,64.7,Pilot,city_south
Kimberly Dixon,40,187.4,71,Architect,city_north
Todd Lambert,37,168.3,77.4,Teacher,city_north
Jason Grant,19,187.6,102.2,Teacher,city_north
Madeline Williams,40,155,75,Artist,city_east
Andrea Johnson,43,177.1,99.4,Artist,city_west
Angela Lopez,51,196.5,106.1,Developer,city_west
Anthony Stewart,62,183.6,117.4,Teacher,city_east
Ronald Walters,28,164.1,67.8,Writer,city_west
Donna Flores,28,189.1,102,Electrician,city_south
Sherry Smith,57,190.1,75.3,Artist,city_north
John Mckinney,56,187.5,77.3,Student,city_west
Jennifer Coleman,68,181.5,100.3,Teacher,city_west
William Mathis,39,161.3,49.7,Designer,city_south
Michael Rodriguez,47,158.4,76.7,Pilot,city_west
Barbara White,32,195,105.6,Consultant,city_east
Mackenzie Bright,38,192.9,119.5,Nurse,city_south
Aaron Delgado,49,153.8,49.1,Writer,city_north
Adam Hamilton,18,179.8,117.9,Architect,city_south
Frank Hanson,55,158,77,Manager,city_east
Kelsey Ellis,47,197.7,82.8,Student,city_south
Jennifer Hull,62,164,105.9,Pilot,city_south
Richard Smith,60,145.9,55.2,Lawyer,city_north
Elizabeth Parrish,68,163.1,119.1,Doctor,city_south
Laura Hunter,56,167.2,110.9,Lawyer,city_east
Nicole Harper,68,160.6,104.6,Lawyer,city_west
Brandon Mack,24,165.8,87.7,Designer,city_west
Christina Douglas,62,191.5,109,Artist,city_east
Debra Lawson,46,190.2,109.2,Writer,city_east
Nicole Fuller,39,154.8,106.2,Chef,city_east
Mr. William Klein,32,176.8,113.1,Designer,city_west
Adam Alexander,42,195.9,51.8,Writer,city_west
Kristen Olson DDS,22,179.5,68.4,Developer,city_north
Kristin Lowe,67,192.2,114.1,Doctor,city_north
Debra Tran,25,169,82.1,Designer,city_south
Brett Porter,68,187.1,119.8,Developer,city_south
Paul Wilson,48,160,96.8,Nurse,city_north
Amy Walsh,48,149,83.7,Photographer,city_east
Johnny Kelley,58,177,62.7,Teacher,city_east
Erin Mendoza,52,146.4,85,Electrician,city_south
Alexander Rhodes,22,188.6,78,Analyst,city_south
Joseph Perez,30,196.9,75.3,Electrician,city_north
Ashley Ortega,55,165.9,94.9,Nurse,city_east
Deanna Vazquez,61,199.6,93.5,Photographer,city_east
Thomas Noble,66,199,48,Mechanic,city_south
Samantha Alvarado,24,197.3,113.1,Manager,city_east
James Ryan,61,161.3,81.1,Chef,city_south
David Reynolds,61,191.2,56.7,Doctor,city_south
Mark Nguyen,18,191.7,85.5,Artist,city_south
Ashley Goodman,63,157.1,79.7,Doctor,city_east
Andrew Sullivan,64,176.1,82.1,Scientist,city_west
Emily Watts,36,198.7,47.6,Teacher,city_west
Stephanie Ponce,59,174.8,56.2,Doctor,city_north
Dana Jacobson,62,150,116.2,Chef,city_north
Kimberly Thomas,54,181.4,98.6,Electrician,city_west
Leslie Jackson,59,176.7,47.6,Developer,city_north
Amber Cooper,65,180.7,52.1,Scientist,city_south
Jessica Miller,54,198,82.7,Mechanic,city_west
Madison Nunez,64,165.3,95.3,Developer,city_east
Cody Ware,41,182.7,117.5,Engineer,city_north
Lauren Brooks,36,148.3,53.9,Mechanic,city_north
Charlene Smith,40,192.2,89.1,Teacher,city_north
Jesus Allen,32,172.8,106.4,Artist,city_east
William Hardin,68,157.2,102.6,Mechanic,city_east
Andrew Carter,27,178.2,45.2,Writer,city_north
Brianna Stone,32,162.8,83.3,Chef,city_west
Bethany Allen,37,171.5,88,Manager,city_east
Robert Mccann,40,160.5,55.6,Lawyer,city_south
Molly Adkins,58,172.2,106.2,Scientist,city_north
Chase Johnson,59,175.4,106.5,Writer,city_south
John Williams,51,163.3,51.3,Pilot,city_south
Robert Mays,32,170.7,91.2,Student,city_east
Rebecca Mora,53,197.4,94.8,Pilot,city_south
Margaret Russell,66,152.5,75.2,Developer,city_east
Brian Rodriguez,34,174.7,59.7,Nurse,city_north
Julie Tate MD,33,178.3,75.2,Teacher,city_west
John Hogan,51,152.8,99.7,Architect,city_north
James Bishop,46,188.2,54.9,Architect,city_east
Kevin Blake,64,148.9,102.9,Mechanic,city_east
Eric Henson,34,198.6,93.7,Student,city_north
Kimberly Johnson,54,187.2,94.3,Manager,city_south
Suzanne Padilla,58,154.5,83.3,Writer,city_north
Gregory Farmer,63,153.1,63.2,Doctor,city_south
Joshua Hansen,62,162.6,77.2,Mechanic,city_west
Wendy Owen,19,157,117.9,Photographer,city_east
Ryan Hernandez,27,184.9,82.8,Engineer,city_south
William French,23,177.6,58.8,Photographer,city_west
Gregory Perez,30,161.6,114.4,Analyst,city_west
Luis Sullivan,50,186.4,115,Mechanic,city_west
Jeremy Rivas,69,174.7,114.4,Doctor,city_south
William Cruz,52,171.7,90.2,Chef,city_north
Gina Fry,34,162.3,91.8,Consultant,city_north
Vanessa Wise,68,173.8,114.7,Designer,city_south
George Moore,53,189.3,79.9,Mechanic,city_east
Phillip Smith,47,198.8,71.7,Electrician,city_south
Carmen Fernandez,49,169.2,87,Doctor,city_west
Joseph Clayton,62,171.5,48.1,Photographer,city_south
Nathan Gomez,57,185.3,85.8,Artist,city_south
Michele Woods,42,147,72.5,Designer,city_west
Michael Keith,32,149.7,118,Writer,city_east
Theresa Turner,22,183.2,97.5,Electrician,city_north
Lisa Lee,53,159,98.2,Photographer,city_east
Chad Pratt,40,164.1,81.2,Scientist,city_north
Ian Brown,21,173.9,81.3,Architect,city_north
Yolanda Ramirez,34,147.4,52.8,Photographer,city_south
Amanda Gomez,68,167.6,100.1,Artist,city_north
Victoria Warren,41,154.6,106.4,Writer,city_west
Caroline Fernandez,45,172.2,104.9,Scientist,city_west
Erica Rodriguez,44,157,87.8,Chef,city_north
Steve Woodward,59,187.3,79.4,Artist,city_north
Matthew Ball,22,157.1,110.7,Writer,city_north
Cory Rivera,56,151.8,49.3,Electrician,city_south
Claudia Cantu,50,176.1,81.4,Student,city_north
Gregory Gonzales,69,193,56.4,Designer,city_west
Erik Schultz,27,175.1,70.5,Student,city_south
Gabriel Smith,32,165.9,54.5,Teacher,city_west
Ryan Mcclure III,70,160.6,104.1,Student,city_north
Christopher Matthews,69,172,103.3,Lawyer,city_south
Jennifer Freeman,41,159.7,92.5,Manager,city_east
Dominique Adams,52,148.9,107.4,Artist,city_west
John Zavala,41,181.4,80.6,Mechanic,city_west
Jose Garcia,50,185.7,114.1,Manager,city_south
Michelle Lopez,24,152.5,75.2,Teacher,city_east
Donald Reed,37,187.7,118.3,Designer,city_east
Donald Patrick,26,158.7,92.7,Analyst,city_north
Kristen Yang,28,163.3,91.4,Electrician,city_west
Howard Rose,61,147.1,63.9,Designer,city_south
Evelyn Williams,54,195.2,47.4,Developer,city_north
Melissa Adams,58,190.9,92.5,Analyst,city_west
Jeffrey Miller,66,145.2,54.4,Analyst,city_south
Alan Forbes,40,161.4,113.2,Consultant,city_north
Darrell Jones,24,153.8,105.4,Mechanic,city_east
Bill Howe,29,153.2,113.7,Doctor,city_east
Jerry Brown,61,179.3,45.1,Teacher,city_south
George Walker,58,199.2,51.4,Student,city_north
Ryan Burnett,27,189.6,105.1,Artist,city_south
Michelle Dunn,44,184.4,60.5,Electrician,city_west
Mason Cox,49,192.8,50.7,Doctor,city_west
William Thomas,32,155.3,114.9,Doctor,city_south
Spencer Leon,69,145.8,49.9,Consultant,city_south
Carla Sellers,20,179,103.6,Engineer,city_north
Donald Compton,32,182.8,52.5,Designer,city_east
Taylor Sellers,46,180.1,108.1,Nurse,city_north
Melanie Trujillo,36,184.4,79.2,Photographer,city_south
Alexis Cherry,46,164.3,58.1,Pilot,city_north
Troy Newton,25,175.6,105,Doctor,city_west
Natalie Garcia,25,173.1,89.3,Designer,city_west
Samuel Hill,36,151.2,104.8,Analyst,city_west
Sydney Harper,21,200,97.2,Scientist,city_east
Rachel Carney,21,185,49.3,Consultant,city_south
James Perry,64,191.7,83.9,Consultant,city_east
Raymond Owens,21,175.9,89.4,Lawyer,city_south
Charles Haas,47,181.5,79.8,Nurse,city_north
Mark Munoz,52,197.2,105.6,Electrician,city_west
Ryan Wolf,65,172.7,105.8,Electrician,city_east
Laura Fernandez,66,192.8,78,Chef,city_east
Alexandra Turner,66,192.1,118,Architect,city_east
Tyler Grant,18,149.4,67.5,Electrician,city_south
Brett Rodgers,47,197.4,63.6,Pilot,city_south
Alyssa Guerra,38,170.8,83.2,Scientist,city_north
Connie Long,66,161.5,86.6,Scientist,city_south
Richard Meyers,41,193,77.4,Mechanic,city_west
Maria Mcgee,18,169.4,115.5,Nurse,city_east
Patrick Wise,58,174.5,61.8,Nurse,city_east
Andrew Brown,35,181.9,60,Chef,city_west
Taylor Owen,42,167.1,54.5,Analyst,city_north
Samuel Sampson,18,184.7,56.5,Teacher,city_south
Mr. Bruce Greene,58,199.4,108,Mechanic,city_north
David Bernard,64,191.3,98.6,Chef,city_south
Edward Berry,46,146.8,107.8,Engineer,city_north
Joseph Hernandez MD,34,147.9,53,Architect,city_south
Kevin Allison,35,169.6,58.5,Photographer,city_east
Dawn Ward,60,160.6,106.6,Artist,city_east
Miss Lori Murray,67,152.1,76.6,Writer,city_west
Amy Callahan,55,176.7,59,Electrician,city_north
Christopher Murphy,60,196.6,94.9,Engineer,city_north
Steven Day,32,152.2,85.8,Developer,city_south
Lacey Holland,55,161.4,73.9,Consultant,city_west
Nicole Callahan,53,161.7,111.2,Student,city_east
Gregory Richards,43,187.6,88.1,Scientist,city_south
Jay Vargas,67,191.3,108.8,Developer,city_north
Kim Parker,23,189.5,91.1,Nurse,city_north
Amber Dillon,59,172,114.6,Scientist,city_west
Nicholas Stone,40,164.7,111.4,Consultant,city_west
Kelly Mclean,18,195.6,100.4,Analyst,city_north
Dustin Peters,44,151.4,50.9,Engineer,city_north
Shelly Oneill,23,167.9,80.3,Photographer,city_north
Elizabeth Cooper,42,198.9,103.5,Architect,city_south
Christina Romero,46,174.5,53,Student,city_west
Miguel Fisher,53,184.8,57.1,Consultant,city_south
Gina Hunt,66,153.4,80.9,Chef,city_west
Troy Garner,54,170.6,99.9,Analyst,city_south
Brian Mcintosh,21,171.3,63.8,Doctor,city_west
Nicole Dixon,37,181.5,100,Nurse,city_east
Melissa Flynn,67,172.4,103,Nurse,city_west
Caitlin Long,46,185.9,48,Chef,city_east
Deborah Schwartz,67,194.4,47.1,Engineer,city_west
Krystal Jimenez,69,180.2,112.9,Pilot,city_south
John Foster,61,158.4,105.5,Scientist,city_north
Bradley Bauer,58,184.1,66.3,Writer,city_south
Laura Fowler,21,183.1,54.8,Lawyer,city_east
Connie Rogers,19,190.1,81.9,Engineer,city_north
Alexander Joseph,70,158.5,46,Scientist,city_east
Steven Hill,28,194.2,72,Architect,city_west
Heather Rogers,51,199.7,119,Engineer,city_south
Kimberly Miller,30,145.6,63,Artist,city_west
Susan Love,66,149.2,89.2,Pilot,city_north
Michele Elliott,54,171.9,111.6,Electrician,city_west
James Marshall,36,160.3,78.3,Lawyer,city_west
Michael Simmons,66,190.6,94.3,Lawyer,city_west
Michelle Davis,62,148.2,63.5,Artist,city_north
Linda Henry,22,197.1,61.4,Consultant,city_west
Pamela Vega,55,190.7,86.8,Consultant,city_north
Jimmy Johnson,68,195.3,80.7,Student,city_north
Anthony Griffin,31,152,59.4,Writer,city_west
Theodore Mclean,28,185.6,108.3,Doctor,city_south
Kristen Anderson,66,163.2,100.3,Engineer,city_south
John Love,35,166.8,62,Analyst,city_north
Amy Blackwell,27,199,47.6,Artist,city_north
Lisa Ho,41,195,114.1,Chef,city_west
Shannon Marquez,26,164.4,72.8,Consultant,city_south
Caroline Garza,20,158.3,93,Manager,city_north
Darlene Martinez,64,161.4,84.6,Nurse,city_north
Mary Thomas,21,184.9,95.7,Mechanic,city_east
Jessica Gonzalez,68,193.9,79.3,Lawyer,city_south
Ethan Bell,70,163.5,80.2,Electrician,city_north
Kim Todd,18,194.7,53.1,Nurse,city_west
John Morales,63,182.7,106.7,Pilot,city_east
Rose Bennett,36,151.6,70.9,Lawyer,city_south
Tonya Brooks,38,172.7,73.5,Artist,city_east
Krista Allen,31,174.9,45.4,Doctor,city_west
Joseph Jordan,32,182.4,71.3,Architect,city_west
Kyle Wilson,32,155.1,118.2,Architect,city_east
Linda Andersen,55,189.7,67.3,Electrician,city_west
Donald Herman,40,191,106.3,Artist,city_south
Lynn Hunt,65,165.3,86.6,Manager,city_north
Robert Woods,65,145.4,49.4,Teacher,city_south
Aaron Lopez,18,167.4,61.5,Writer,city_north
Jeffrey Johnson,66,161.1,57.2,Manager,city_north
Ricky Blake,28,152.8,77.2,Engineer,city_west
Shawna Cuevas,42,192.8,78.6,Photographer,city_north
Elizabeth Anthony,49,172.9,89.7,Student,city_east
Jessica Berry,68,183,88.9,Manager,city_north
Justin Warren,25,179.7,72.6,Mechanic,city_east
Victoria Brown,48,168.4,64.6,Designer,city_north
Meghan Dennis MD,43,160.2,79.4,Engineer,city_south
Penny Kennedy,46,162.2,114,Scientist,city_east
William Lewis,42,187.5,106,Student,city_west
Rebecca Hughes,41,193.4,88.4,Engineer,city_south
Jason Medina,61,197,50.7,Artist,city_south
Scott Allen,68,180,92.2,Analyst,city_west
Darren Jones,31,172.8,74.8,Student,city_south
Michael Thompson,42,193.4,62.6,Developer,city_west
Danielle Watts,60,196.9,95,Consultant,city_north
Mckenzie Williams,47,169.8,48.5,Scientist,city_south
Charles Montgomery,21,147.7,68.6,Photographer,city_north
Kathleen Allen,64,161.9,52.9,Artist,city_south
Wayne Wang,64,173.7,54.4,Photographer,city_west
Dana Smith,69,176.4,84.6,Manager,city_east
Michael Dean,61,188.9,100.6,Teacher,city_north
Ernest Bowen,61,186.6,59.1,Electrician,city_north
Jeffrey Russell,54,186.2,68.8,Electrician,city_south
Carla Ortiz,45,168.2,119.3,Consultant,city_south
Jesus White,68,158.3,55.6,Analyst,city_east
Susan Gilbert,34,180.2,76.6,Analyst,city_south
Julie Velasquez,65,157.4,91.4,Lawyer,city_west
Julie Davis,63,153.9,81.4,Pilot,city_east
Chelsea White,25,153.5,81.8,Consultant,city_west
Stephanie Ferguson,30,197.2,58.5,Architect,city_west
Michael Wallace Jr.,47,189.4,79.6,Designer,city_east
Angela Cunningham,30,183.8,111.1,Student,city_east
Donna Berry,49,182.4,78.7,Writer,city_east
Emma Willis,34,150.1,46.8,Scientist,city_south
Kristy Rice,66,159.5,62.9,Photographer,city_east
Laura Davis,32,164.5,95.7,Teacher,city_east
Doris Ward,66,191.8,87.4,Manager,city_east
Tammy Sullivan,24,197.3,73.9,Consultant,city_south
Julian Garner,63,196.5,98.9,Designer,city_west
Colton Ward,58,183.4,80.4,Engineer,city_south
Jennifer Chan,22,186.3,52.9,Writer,city_west
Bridget Hale,70,158.3,79.4,Architect,city_west
Monique Koch,45,192.3,118.3,Architect,city_south
Shannon Beck,52,178.6,65.5,Lawyer,city_west
Haley Collins,55,173.5,47.6,Architect,city_west
Scott Ballard,52,187.7,52.9,Doctor,city_north
Brandon Wilson,18,156.7,111.3,Manager,city_east
Matthew Houston,39,158.8,85.7,Mechanic,city_south
Michael Gray,41,162.9,111.2,Lawyer,city_west
Brenda Little,63,193.1,75.1,Consultant,city_west
Dawn Anderson,49,171.7,52.2,Consultant,city_east
Jessica Martinez,42,156.8,65.2,Doctor,city_east
Stephanie Adams,48,172.9,107.2,Electrician,city_west
Linda Boone,64,199.4,58.7,Analyst,city_west
Brandi Hernandez,48,182.7,61.7,Engineer,city_east
Debra Washington,50,192.7,84.7,Lawyer,city_east
Jason Guzman,60,179.5,61.8,Mechanic,city_north
Margaret Marks,45,195.4,48.4,Designer,city_east
Patricia Butler,20,195.1,74.8,Developer,city_east
Chris Parsons,36,164.5,101.4,Manager,city_north
William Wall,68,163.8,114.1,Developer,city_east
Marissa Hubbard,40,199,77,Artist,city_south
Denise Nelson,21,197.6,102.8,Manager,city_north
Amy Massey,29,196.2,61.5,Engineer,city_east
James Calhoun,22,185,89.7,Architect,city_south
Brandi Kennedy MD,59,165,93.9,Mechanic,city_south
Jennifer Cruz,43,179.6,86.6,Architect,city_west
Heather Pitts,21,176.5,107.7,Mechanic,city_west
Maria Flores,25,171.8,53.3,Scientist,city_north
Jill Lopez,61,181,95.2,Mechanic,city_south
Jamie Brown,42,161,66.5,Student,city_east
Michelle Chapman,35,146.3,113.7,Pilot,city_north
Mark Phillips,29,149.8,53.1,Electrician,city_west
Gabriel Everett,40,166,51.8,Photographer,city_east
Anthony Anderson,58,190.2,119.9,Student,city_south
Joyce Cohen,19,178.9,103.6,Electrician,city_south
James Case,61,168.3,106.5,Scientist,city_north
Jeremy Bradshaw,54,157.8,112.9,Student,city_north
Kimberly Taylor,56,187.4,88.4,Mechanic,city_north
Steven West,57,190,86.1,Artist,city_west
Andrew Ramirez,52,185.8,80.2,Pilot,city_west
Carrie Barry,58,170.5,45.6,Pilot,city_north
Nancy Fox,53,194.5,60,Analyst,city_east
Nicole Daugherty,66,193,61.7,Student,city_north
Tammy Richards,36,164.1,107,Nurse,city_north
Mr. Raymond Daniel,40,169.7,87.6,Developer,city_east
Jennifer Parker,44,179.5,68,Lawyer,city_east
Sharon Waller,38,150.7,45.2,Developer,city_north
Melanie Wright,58,187.8,93.7,Developer,city_north
Patrick Fox,34,173.2,52.1,Manager,city_east
Summer Woods,60,196.9,58.3,Chef,city_west
Anne Jackson,60,176.8,81,Designer,city_west
Emily Maynard,65,147.4,86,Artist,city_east
Karen House,53,156.4,45.4,Doctor,city_east
Katherine Whitney,66,188.8,53.2,Nurse,city_west
Pamela Mitchell,46,146.9,108.6,Designer,city_west
Melanie Singh,69,186.3,118.4,Chef,city_east
Dakota Dean,30,198.7,72,Photographer,city_west
Ann Sims,56,188.9,64,Student,city_north
Melinda Stewart,38,197.1,95.1,Student,city_east
Mr. Kyle Woods,55,183.5,98.1,Student,city_west
Mrs. Sue Perez,32,181.3,53.3,Photographer,city_south
Anthony Mason,44,171.6,118,Developer,city_east
Lisa Rojas,45,158,94.8,Electrician,city_east
Kenneth Salazar,61,174.4,92.2,Consultant,city_east
Mary Robinson,28,161.9,100.8,Manager,city_west
Bradley Patel,61,185.3,52.8,Analyst,city_south
Clifford Evans,30,151.3,72.1,Lawyer,city_east
Timothy Robinson,30,156,59.5,Artist,city_east
Thomas Townsend,57,153.7,99,Mechanic,city_west
Christopher Garcia,62,150.9,85.3,Manager,city_north
Allison Walls,26,147.6,70.1,Photographer,city_east
Kelsey Jenkins,62,160.3,55.9,Designer,city_north
Brandon Massey,63,162.9,47,Engineer,city_north
James Flores,46,171.9,94,Analyst,city_south
Jason Jimenez,34,166,94.9,Writer,city_east
Dennis Wagner,42,150.9,80.6,Engineer,city_east
Misty Ryan,47,195.3,105.3,Mechanic,city_east
Thomas Gallagher,47,174.1,98.8,Developer,city_west
Barbara Alvarez,63,194.9,98.7,Pilot,city_south
Justin Chavez,30,161.5,75.3,Consultant,city_south
Teresa Strickland,42,186.4,66.2,Manager,city_north
Joshua Wheeler,61,152,79.9,Lawyer,city_south
Karen Carey,55,161.8,46.5,Lawyer,city_east
Amanda Thomas,42,195.7,66.8,Scientist,city_south
Leah Jones,52,160.2,115.4,Designer,city_west
Mark Cochran,40,174.9,82.1,Pilot,city_west
Amy Reynolds,51,161.9,75.9,Photographer,city_west
James Sheppard,47,146.5,64.2,Writer,city_north
Steven Murray,41,156.1,54.7,Scientist,city_east
Carrie Morrison,68,183.8,82.1,Designer,city_north
Gerald Pratt,45,184,68.5,Electrician,city_west
Deanna Mcdowell,69,199.7,88.2,Pilot,city_west
Mary Henry,29,165.9,114.5,Consultant,city_west
Lance Henry,21,157.2,58.6,Chef,city_north
Laura Freeman,40,179.2,67.9,Architect,city_south
Michael Hall,39,198.1,102,Chef,city_south
Nicole Duncan,40,185.3,69.7,Analyst,city_east
Carl Dickerson,42,161,68.3,Architect,city_east
Sean Brown,29,146.8,115.6,Pilot,city_east
Rachel Reyes,62,160,119.3,Analyst,city_south
Jeffery Gordon,66,189.2,85.8,Developer,city_west
Sydney Wallace,65,155.2,77.3,Photographer,city_west
Samantha Ramos,18,167.3,46,Lawyer,city_east
Patrick Brock,46,175.8,59.6,Artist,city_north
Amy Camacho,32,168.2,67.9,Engineer,city_west
Elizabeth Pacheco,19,170.6,118.2,Doctor,city_north
Sydney Cohen,36,198.3,83.6,Pilot,city_west
Grace Baker,37,199.9,113.4,Pilot,city_north
Clayton Gilmore,70,172.3,78.2,Photographer,city_north
Stacy Kennedy,52,188.9,72.6,Engineer,city_east
Courtney Olson MD,43,178.1,65,Writer,city_south
Alexander Moore,39,158.4,72.2,Nurse,city_west
Rebecca Scott,40,178.6,108.3,Nurse,city_south
Travis Miranda,45,161.2,113.7,Mechanic,city_east
Christopher Nichols,41,169.1,97.9,Developer,city_south
James Shaffer,64,176.9,118.5,Designer,city_south
Megan Scott,36,162.1,60.5,Mechanic,city_east
Monica Werner,67,192.9,94.7,Lawyer,city_south
Dr. Wayne Smith,25,170.9,110.3,Analyst,city_west
Monica Thomas,51,175.1,78.7,Engineer,city_south
Shannon Craig,62,179.5,115.1,Scientist,city_west
Ryan Wilcox,29,170,103,Consultant,city_west
Stephanie Richards,52,158.3,50.5,Engineer,city_east
Eric Cooper,58,199.1,83.1,Consultant,city_south
Amy Russell,65,162,94.6,Artist,city_west
Eugene Martin,62,146.7,106.5,Lawyer,city_south
Katie Cortez,23,179.7,78.9,Scientist,city_east
Michelle Cervantes,54,148.8,92.1,Scientist,city_north
David Coleman,40,147.7,47.3,Designer,city_east
Mark Wilson,45,172.2,67.3,Pilot,city_east
Michelle Smith,70,191,62.7,Architect,city_west
Claudia Rodriguez,65,179.3,101.6,Electrician,city_west
Darlene White,62,170.8,118.1,Lawyer,city_east
Stephanie Miller,69,178,119.2,Manager,city_east
Jeremy Watkins,50,158.1,116.6,Pilot,city_south
Paul Bautista,54,196.8,53.2,Pilot,city_east
Mary Casey,34,181.2,65.3,Photographer,city_south
Victoria Reeves,35,184.3,84,Mechanic,city_west
Felicia White,68,155.3,47.6,Scientist,city_east
Destiny Scott,24,165.5,45.4,Analyst,city_east
Lauren Torres,30,171,87,Manager,city_west
Mark Gay,67,182.3,54.8,Analyst,city_west
Aaron Williams,18,186.3,108.8,Mechanic,city_south
Andrew Hoover MD,21,187.9,48.1,Chef,city_north
Geoffrey Davis,24,198,84.5,Teacher,city_north
Diana Perez,58,175.5,88.6,Teacher,city_west
Cassandra Frey,29,153.6,46.3,Architect,city_west
Marie Curtis,19,156.9,74.7,Manager,city_west
Sherri Gomez,28,195.1,64.8,Teacher,city_west
Nicole Nelson,27,196.8,74.8,Nurse,city_south
Adrian Baker,26,174.5,70.5,Teacher,city_south
David Evans,25,182.3,105.1,Electrician,city_south
Carolyn Hernandez MD,45,197.2,47.5,Scientist,city_north
Jason Cohen,25,148.8,119.3,Analyst,city_west
Ryan Butler,34,186.8,59.5,Consultant,city_north
Brett Smith,41,181.8,95.6,Electrician,city_south
Brianna Smith,65,151.8,96.6,Writer,city_west
James Smith,30,187.9,63.9,Manager,city_east
Vicki Travis,31,150.8,45.2,Designer,city_west
Wendy Hernandez,38,155.2,84.6,Analyst,city_north
Emily Chavez,28,186.9,56.5,Lawyer,city_south
Ms. Kimberly Juarez,27,185.9,73.3,Electrician,city_west
Courtney Browning,34,151.5,67.3,Developer,city_north
Christina Burton,26,191.9,65.6,Analyst,city_west
Stanley West,54,163.5,61.1,Chef,city_east
Julia Bowen,32,170.8,112.4,Designer,city_west
Anthony Harris,65,157.6,77.5,Teacher,city_west
Stephanie Campbell,40,173.1,84.1,Doctor,city_north
Jessica Good,52,155.2,70.5,Artist,city_west
April Douglas,31,172.9,80.6,Consultant,city_east
John Myers,31,159.7,73,Designer,city_east
James Phillips,53,148.8,54.8,Engineer,city_north
Scott Sullivan,20,194.9,118.4,Mechanic,city_north
Victoria Snyder,18,175.1,61.8,Lawyer,city_east
Debra Smith,25,190.4,79.7,Doctor,city_north
Shawn Martinez,24,177.8,119.9,Doctor,city_north
Gail Oconnell,23,177.9,86.3,Photographer,city_west
Eric Rodriguez,54,154.1,59.7,Consultant,city_west
Mary Moore,47,167.5,53.9,Photographer,city_east
Timothy Miller,36,147.1,62.8,Nurse,city_north
Mr. Jeremy Fowler,23,191.9,115.1,Scientist,city_north
Jason Wong,51,199.1,95.1,Student,city_east
Stephanie Sullivan,32,152.4,72.5,Photographer,city_west
Drew Tate,21,159,100.5,Scientist,city_south
Heather Jackson,49,160.8,105.5,Teacher,city_east
Wesley House,24,190.2,83.7,Designer,city_south
Daniel Ray,66,196.7,63,Consultant,city_west
Megan Jones,30,179,49.7,Designer,city_north
Brittney Thomas,67,199.1,77.1,Developer,city_west
Charles Arnold,41,158.6,81,Developer,city_south
Julia Tucker,24,183.5,53.1,Developer,city_north
Julie Ward,63,199.2,51.2,Teacher,city_west
Rebecca Morales,70,171,102.4,Mechanic,city_north
Laura Taylor,55,146.2,93.2,Designer,city_south
Tammy Thomas,19,148.9,76.2,Manager,city_south
Renee Harris,33,150.6,82.1,Photographer,city_west
Priscilla Washington,65,155.4,95.5,Consultant,city_west
Kaitlyn Thomas,61,166.8,68.8,Designer,city_south
Jessica Figueroa,55,170.3,119.9,Analyst,city_south
Martin Jackson,49,158.2,96.4,Designer,city_west
Mr. Michael Martin,38,196.3,67.1,Teacher,city_south
Ashley Morrison,55,156,74.4,Architect,city_south
Jeffery Kelly,67,199,51.1,Lawyer,city_south
Logan Benjamin,32,153.5,87,Designer,city_east
Joshua White,59,193.3,57.4,Scientist,city_east
Carlos Garcia,45,178,75.8,Developer,city_east
Travis Robertson,63,171.7,113.6,Chef,city_north
Wayne Durham,63,192.4,103.1,Analyst,city_south
Alicia Pearson,24,170.5,70.1,Artist,city_east
Kenneth Skinner,44,173.7,93.9,Mechanic,city_east
Brenda Harris,52,182,108.8,Scientist,city_west
Deborah Rosales,46,180.8,73.8,Lawyer,city_north
James Blake,46,188.4,72.1,Consultant,city_south
James Roberson,18,189.2,48.5,Student,city_east
Kimberly Kline,67,184,109.3,Electrician,city_north
Dillon Walker,61,165.2,57.8,Doctor,city_west
Cindy Ball,47,149.5,81.8,Designer,city_west
David Bowman,31,156.4,50.9,Architect,city_south
Brenda Wright,58,171.7,51.7,Chef,city_east
Brian Garza,29,173.3,113.9,Electrician,city_east
Jacqueline Tucker,32,151.1,80.4,Analyst,city_south
Christy Brown,36,145.4,51.4,Nurse,city_east
Nicholas Nichols,21,199.3,74.2,Chef,city_west
Karen Stewart,41,198.7,56.1,Nurse,city_west
Matthew Hoover,38,156.4,82.1,Manager,city_north
Stephanie Blevins,20,165.7,95.6,Doctor,city_north
Stephanie Thomas,48,148.1,69,Chef,city_east
Kevin Lowe,28,175.8,119.4,Analyst,city_north
Eric Stanley,57,184.6,60.7,Chef,city_west
Sophia Wall,57,172.2,47.9,Engineer,city_east
Amber Morales,68,198.8,57.4,Electrician,city_south
Isaac Lewis,34,145.5,47.9,Writer,city_east
Craig Sanchez,31,167.6,118.8,Artist,city_south
Darren Hinton,59,177.4,92.2,Engineer,city_west
Jeffrey West II,22,167.5,80.5,Writer,city_south
Angel Guerrero,28,196.7,57.9,Chef,city_east
Brandon Schmidt,24,189.7,106.2,Engineer,city_south
Sandra Morgan,26,177.5,103.3,Chef,city_south
Karen Hall,70,171.3,111.7,Mechanic,city_east
Ernest Stephens,48,193,48.3,Mechanic,city_east
Paul Smith,66,145.1,53.7,Student,city_north
Richard Garrett,19,160.5,72.2,Analyst,city_east
Anthony Arias,48,180.5,47.5,Designer,city_east
John Mckenzie,26,194.8,101.6,Lawyer,city_north
Frances Vang,36,196.2,46.7,Student,city_west
John Martin,57,187.6,76,Lawyer,city_north
Christina May,59,188.7,103.6,Nurse,city_south
Amy Long,40,199.5,86.3,Lawyer,city_north
Elizabeth Myers,52,192.3,70.2,Artist,city_north
Tamara Pratt,20,182.1,55.5,Developer,city_east
Marc Arroyo,53,165,53.7,Pilot,city_north
Robert Hurst,51,183.3,120,Doctor,city_south
Thomas Wolfe,53,148,79.6,Chef,city_east
Francisco West,49,164.5,55,Pilot,city_west
Tim Cherry,24,163.8,60.4,Developer,city_north
Jessica Fuller,39,174.1,103.4,Writer,city_west
Tricia Stevens,40,155.6,101.1,Pilot,city_west
Jesse Clark,23,155.8,54.9,Analyst,city_east
Tony Evans,60,150.2,96.6,Photographer,city_south
Robert Jackson,55,180.4,99.9,Photographer,city_west
Jonathan Stanton,33,191.8,55.5,Engineer,city_south
Laura Perry,63,188,90.4,Doctor,city_west
Steven Bailey,40,198.4,69.3,Scientist,city_west
Annette Wang,64,177.3,109.1,Artist,city_east
Christopher Campbell,50,194.5,75.5,Developer,city_east
Joshua Thomas,31,161.8,94.2,Lawyer,city_east
Christina Miller,42,158.1,91.8,Writer,city_east
Troy Hendricks,30,177.8,107.6,Designer,city_south
Michael Walker,27,159.3,48.6,Doctor,city_north
Jennifer Daugherty,33,170.3,61.2,Pilot,city_south
Amy Green,44,176.9,56.6,Consultant,city_south
Rodney Freeman,52,186.7,112.3,Writer,city_west
Joanna Collins,63,178.9,75.6,Teacher,city_north
Jeremy Aguilar,54,181.9,55.6,Chef,city_east
Herbert Marquez,45,181.1,64.3,Artist,city_north
Sarah Valenzuela,43,197.8,58.3,Electrician,city_south
Austin House,68,160.6,81.2,Writer,city_north
Jillian Beck,58,188.5,117.5,Writer,city_east
Miguel Preston,34,193.4,76.2,Architect,city_north
Jimmy Robbins,53,176.1,93.4,Engineer,city_south
Bruce Terrell,57,150.3,74.9,Teacher,city_east
John Robinson,58,180.9,115.3,Doctor,city_west
Bradley Brown,60,145.3,113.3,Engineer,city_east
Andrew Townsend,28,173,62.6,Artist,city_west
Lawrence Charles,64,183.1,64.4,Designer,city_south
Kenneth Washington,27,172,101.4,Designer,city_west
Mr. Michael Neal DVM,38,147.1,107.7,Analyst,city_east
Scott Nguyen,26,198.5,111,Manager,city_east
Jessica Mitchell,32,168.5,106.9,Student,city_north
Andrea Freeman,39,189.2,118,Pilot,city_south
Nicholas Parker,57,162.8,88.4,Student,city_west
Kara Clark,29,166.3,80.4,Electrician,city_north
Patrick Holland,48,179.9,75.8,Lawyer,city_south
Christopher White,33,145.3,48.4,Nurse,city_south
Lauren Jones,26,155.8,96.5,Architect,city_south
Catherine Gaines,65,168.1,89.4,Doctor,city_west
Sarah Moss,26,153.7,54.8,Artist,city_west
Lauren Wells,64,155.9,91.9,Writer,city_south
Pamela Weber,46,156.3,118.9,Developer,city_north
Raymond Paul,50,184.2,48.7,Writer,city_south
Mr. Robert Smith,24,146,51.6,Developer,city_north
Donna Garrett,56,178.9,92.1,Engineer,city_north
Jeffrey Stone,20,156.2,82.9,Photographer,city_north
Oscar Braun,50,179.8,50.3,Scientist,city_north
Shannon Rich,65,146,66.7,Student,city_south
Pamela Kelly,35,177.6,46.6,Manager,city_east
David Lewis,61,153.6,45.1,Engineer,city_north
Amanda Burton MD,41,183.5,50.7,Designer,city_east
Anthony Underwood,32,190.1,96.5,Photographer,city_east
Lisa West,30,181.4,90.7,Manager,city_west
Edward Brown,26,185.7,98.4,Mechanic,city_west
Sean Hicks,38,186.1,105.4,Consultant,city_east
Harry Smith,64,160.8,69.2,Designer,city_west
Michael Morrow,53,149.6,70.4,Architect,city_north
Nicole Davis,37,193.4,120,Doctor,city_north
Patricia Anderson,61,164.3,52.5,Manager,city_west
Abigail Perry,39,193.8,110.9,Artist,city_south
Stacey Ramirez,51,195.7,119.9,Designer,city_east
Megan Richardson,39,166.1,84.8,Engineer,city_east
James Dixon,57,146.4,65.4,Pilot,city_north
Charles Smith,58,173.4,49.3,Scientist,city_north
Jeremy Weaver,20,165.6,69.6,Mechanic,city_south
Peter Frye,46,189.2,68.9,Teacher,city_south
Bianca Mueller,25,150.6,57.9,Student,city_north
Nathan Duncan,51,145.1,83.2,Artist,city_east
Katelyn Taylor,57,157.4,70.4,Mechanic,city_south
Shawn Morales,26,150.5,105.5,Doctor,city_east
Peter Reeves,47,158.6,83.3,Teacher,city_east
Zachary Carroll,65,159.8,106.3,Mechanic,city_south
Sherry Hester,41,159,109.4,Mechanic,city_south
Cassandra Anderson,24,171.4,99.5,Engineer,city_east
Donald Robles,25,166.2,49,Nurse,city_west
Rhonda Savage,18,162.8,118.1,Pilot,city_east
Emily Black,54,171.8,96.4,Artist,city_south
Timothy Clark,69,148.6,101.8,Doctor,city_north
Rebecca Baker,68,188,99.3,Doctor,city_west
Jason Anderson,64,186.5,78.9,Developer,city_west
Austin Wilson,22,186.6,108.2,Chef,city_south
Tracy Payne,35,178.3,60.6,Electrician,city_west
Melinda Robinson,30,174.1,104.4,Designer,city_south
Gabriela Smith,53,161.5,101.8,Consultant,city_west
Brian Collins,59,195,109.6,Developer,city_north
Mark Jenkins,33,148.8,53.6,Doctor,city_west
Robert Friedman,60,158.6,91.1,Architect,city_south
Amber Moreno,47,164.5,59,Electrician,city_east
Joshua Carter,54,197.9,57.7,Pilot,city_south
Amanda Roberts,26,185.5,77.1,Nurse,city_north
Cathy Donaldson,22,172.9,53.6,Engineer,city_north
Juan Steele,64,162.9,56.1,Consultant,city_north
Kristen Luna,31,198.4,55.4,Engineer,city_south
Joseph Contreras MD,42,153.5,80.1,Mechanic,city_east
Justin Cohen,49,199.2,88.4,Pilot,city_west
Crystal Davis,20,150.6,47.8,Student,city_north
Erica Lee,48,193,118.4,Writer,city_north
Michele Harvey,57,146.8,49.3,Electrician,city_north
Linda Bates,54,182.6,100.7,Manager,city_north
Carrie Smith,22,164.1,116.5,Scientist,city_south
Jennifer Hampton,57,192,72.7,Electrician,city_east
Ian Green,64,170.4,100.6,Lawyer,city_south
Adam Berry,18,164.5,65.8,Student,city_north
Susan Cannon,36,149.6,97.3,Engineer,city_north
Amy Oconnor,63,181.6,97.8,Doctor,city_west
Elijah Williams,64,173.1,86.9,Pilot,city_south
Nathan Moreno,37,196.5,107.5,Architect,city_south
Julia Daniels,37,197,92,Doctor,city_south
Chris Allen,29,170.2,51.6,Lawyer,city_north
Elizabeth Glenn,22,188.8,107.7,Lawyer,city_west
Brenda Cortez,31,177.5,65.1,Consultant,city_west
Elizabeth Garner,41,166.5,82.5,Writer,city_north
Michael Rogers,32,170,47.6,Manager,city_east
Dennis Barr,52,176.3,92,Designer,city_south
Gina Robinson,57,196.8,93.6,Student,city_east
Bobby Sherman,62,199.7,55.2,Nurse,city_north
Thomas Ross,58,162.8,73.7,Manager,city_north
Donald Sanchez,24,179.1,54.5,Writer,city_east
David Singleton,49,182.8,75.6,Artist,city_west
Donna Perry,62,145.7,76,Nurse,city_south
Lindsay Greene,26,191.7,63.8,Nurse,city_south
Christina Martinez,62,164.9,84.5,Artist,city_south
Corey Hughes,25,175.6,106.8,Pilot,city_south
Laurie Mcdaniel,26,191.6,105.9,Nurse,city_north
Sarah Wood,64,172.8,75.9,Pilot,city_south
Casey Malone,32,164.8,57.4,Doctor,city_east
Krista Contreras,69,189.5,58.7,Mechanic,city_east
Amber Brown,21,188.7,76.7,Analyst,city_east
Eric Erickson,45,172.8,100.1,Engineer,city_south
Francisco Harper,50,171.3,90.5,Scientist,city_north
John Lopez,49,167,51.2,Electrician,city_south
Kevin Hood,39,155.8,69.9,Artist,city_north
James Barnes,50,145.7,83.1,Analyst,city_south
Timothy Johnson,29,159.1,60.1,Developer,city_north
Anthony Ramos,40,197.7,72.8,Analyst,city_west
Matthew Edwards,64,188.5,50.8,Manager,city_north
Adrian Adams,67,190,80.2,Architect,city_south
Christopher Jenkins,56,170.1,55.5,Writer,city_north
Thomas Watkins,39,165.8,99.5,Analyst,city_east
Rebecca Espinoza,60,185.7,73.5,Pilot,city_south
Katrina Ramirez,43,146.5,97.5,Writer,city_east
Karen Anderson,55,161.6,69.7,Photographer,city_west
Kim Garcia,30,187,111,Developer,city_east
Brent Marquez,27,189.5,72.7,Architect,city_south
Amanda Ferguson,51,182,106,Designer,city_east
Adam Gonzalez,70,190.1,113.3,Scientist,city_east
Samantha Young,48,174.3,47.1,Engineer,city_north
Jason Perez,41,173.2,53.5,Manager,city_north
Eric Dixon,39,168.7,91,Architect,city_south
David Carpenter,70,180.8,103.2,Analyst,city_west
Morgan Holland,22,198.7,57.9,Artist,city_south
Julie Reynolds,52,156.9,113.5,Developer,city_north
Robert Rush,45,187.6,67.8,Designer,city_west
Latoya Farmer,68,151.3,81,Chef,city_east
Erin Ward,27,172.2,90,Pilot,city_east
Patricia Harris,27,158.8,103.9,Photographer,city_east
Linda Olson,19,152.1,52.8,Photographer,city_north
Mia Johnson,58,147.2,47.4,Architect,city_north
Dana Garcia,21,199.4,114.7,Pilot,city_west
Abigail Mccoy,32,195.4,108.5,Pilot,city_south
Catherine Brown,69,189.2,64.6,Electrician,city_north
Alex Palmer,63,182.4,120,Chef,city_south
Tracy Green,41,180.8,60.4,Consultant,city_west
Jeremy Hughes,41,153.8,66.2,Engineer,city_west
Danielle Baker MD,46,165.2,92.5,Doctor,city_east
Deborah Collins,63,179.8,108.8,Developer,city_west
Sarah Gonzalez,26,196.8,66.6,Designer,city_south
Michael Flores,25,152.2,71.5,Electrician,city_north
Jeffrey Hall,64,187,95.6,Manager,city_north
Sean Galloway,64,147.7,83.9,Architect,city_west
Christopher Lowe,60,182.2,99.5,Analyst,city_north
Carolyn Jones,38,173,117.1,Artist,city_west
Nicholas Elliott,41,192.7,85.8,Writer,city_west
Samuel Allen,19,149.2,118.6,Nurse,city_north
Travis Moore,57,164.8,93.5,Student,city_north
Ashley Greene,21,177.8,57.5,Architect,city_north
Angela Diaz,60,181.1,94.2,Engineer,city_west
Daniel Wong,53,193.7,89.1,Manager,city_west
Sharon Brown,64,184.6,50.9,Pilot,city_west
Jason Gibbs,20,175.8,107.5,Electrician,city_north
Marisa Combs,60,147.7,90.3,Designer,city_east
Sandy Walker,34,154.7,101.1,Student,city_east
Taylor Lewis,31,169.2,110.6,Analyst,city_west
Joseph Carney,60,168,110.6,Scientist,city_east
Nathaniel Williams,35,173.8,76.9,Electrician,city_north
Benjamin Martin,19,176.7,56.1,Doctor,city_east
Anthony Brock,41,156.8,81.9,Developer,city_north
Ryan Phillips,23,146.7,51.5,Analyst,city_west
Rachael Smith,26,151.6,108.3,Developer,city_west
Jessica Herrera,20,176.9,77.6,Nurse,city_north
Kerry Cooper,58,174.6,106,Mechanic,city_east
Cody Sutton,23,162.7,52.8,Analyst,city_east
Kristy Trujillo,52,169.4,90.1,Architect,city_south
Hannah Thomas,66,151.8,103.9,Mechanic,city_south
Renee Hill,47,194.4,99.4,Architect,city_east
Peter Kane,59,163.9,96.9,Engineer,city_east
Sara Olsen,43,151.9,108.8,Nurse,city_north
Victor Gray,44,185.7,113.1,Student,city_west
Susan Giles,50,176.1,82.3,Student,city_south
Scott Martinez,45,199.4,116.7,Pilot,city_east
Matthew Martinez,41,158.2,95,Designer,city_south
Craig Smith,24,175,89.2,Engineer,city_east
Leonard Peterson,67,177.7,109.2,Scientist,city_north
Patricia Campbell,38,158.7,82.8,Developer,city_east
Tiffany Martin,44,155.1,116.1,Engineer,city_east
Jamie Erickson,27,177,56.6,Student,city_east
Kevin Hudson,58,168.2,80.7,Lawyer,city_north
Brian Lee,37,179.4,105.4,Manager,city_north
Kathleen Parker,66,199.5,117.6,Chef,city_south
William Decker,43,174.7,90.5,Consultant,city_south
Mark Jimenez,27,182.4,53.1,Writer,city_north
Roger Castillo,20,149.5,49.2,Student,city_south
Felicia Black,45,178.1,96.3,Photographer,city_east
Beth Clark,68,199,83.3,Student,city_south
Russell Harper,42,192.3,97.2,Mechanic,city_west
Amy Robertson,37,166.6,67.2,Artist,city_south
Valerie Miller,57,172.7,94.1,Nurse,city_south
Barbara Powers,23,183.9,110.9,Mechanic,city_south
Amanda Wu,51,147,82.9,Developer,city_south
Claudia Hayes,20,186.2,59.4,Electrician,city_east
Mason Baker,42,150.1,97.7,Lawyer,city_north
Jeffery Bennett,46,149.6,89.4,Lawyer,city_west
Kevin Pugh,67,178.5,73,Analyst,city_south
Kelly Wilson,41,159,96.9,Nurse,city_north
Brandon Salas,41,175.8,52.1,Lawyer,city_south
Kristine Bright,44,171.4,63.5,Writer,city_south
Cindy Morrow,40,159.2,59.6,Mechanic,city_east
Jared Scott,57,188,67.3,Student,city_south
Richard Lane,37,199.9,88.2,Photographer,city_east
Debra Bailey,67,154.4,105.3,Electrician,city_north
Ann Santana MD,32,145.7,51.5,Consultant,city_west
Vicki Jackson,44,162.3,63.3,Photographer,city_north
Dylan Marks,24,186.4,60.6,Scientist,city_north
Beth Jones,41,184,72.3,Photographer,city_south
Amy Greene,18,183.1,85.8,Developer,city_east
Jessica Sullivan,28,157.6,85.7,Scientist,city_east
Robert Jones,43,196.8,45.5,Nurse,city_south
Alexander Collins,65,192.4,103.9,Consultant,city_west
Melanie Webb,27,187.3,88.5,Manager,city_east
Randy Williams,46,158.4,65.6,Doctor,city_west
Ernest White,62,194.7,50.3,Artist,city_north
Brian Owens,41,188,78.3,Electrician,city_west
John Ellis,49,188.3,117.2,Doctor,city_south
Melanie Lucas,51,149.7,89.6,Developer,city_south
John Powell,65,172,65.6,Chef,city_west
Amanda Williams,55,147.6,45.4,Designer,city_south
Lisa Snyder,43,160.4,91.9,Doctor,city_west
David Welch,41,162.3,73.3,Scientist,city_west
James Pearson,55,150,58.6,Consultant,city_south
Jonathan Rose,36,196.8,71.6,Analyst,city_east
Jerry Jones,37,181.1,95.9,Mechanic,city_south
Wesley Smith,51,176.1,94.7,Engineer,city_south
Cynthia Long,59,185.1,104.6,Writer,city_south
Michael Anderson,64,152.6,111.1,Lawyer,city_south
Bianca King,64,146.2,45.4,Photographer,city_south
Erica Blevins,66,168.9,93.9,Engineer,city_west
Robert Sawyer,63,158.9,67.8,Teacher,city_east
Jack Lam,62,190.5,74.8,Artist,city_west
Leslie Chambers,32,170.9,52.8,Electrician,city_south
Dr. William Greer,41,167.3,118.4,Manager,city_north
Joshua Anderson,41,161.2,51.3,Designer,city_north
Destiny Jackson,41,175.5,111.3,Engineer,city_east
Dave Nelson,23,177.8,98,Consultant,city_west
Katherine Price,64,186.1,63.6,Writer,city_north
Tony Perry,49,176.6,117.5,Pilot,city_west
Gregory Campbell,44,196.6,108,Mechanic,city_south
Patricia Wright,52,193.1,95.4,Teacher,city_east
Ashley Walker,70,174.9,111.1,Photographer,city_west
Brian White,68,155.7,98.2,Writer,city_north
Christian Peters,33,164.4,100.4,Chef,city_west
Pamela James,41,174.6,111.3,Teacher,city_south
Craig Edwards,52,191.8,102.8,Pilot,city_west
Michael Bowers,59,158.8,49.2,Architect,city_east
Nicole Gibbs,49,173,112.6,Doctor,city_north
Jodi Trevino,62,172.8,105,Electrician,city_north
Michele Adams,67,156,48.6,Lawyer,city_south
Chloe Horn,39,180.9,111.2,Architect,city_north
Suzanne Hernandez,52,165.2,87.3,Pilot,city_west
Jeffrey Sharp,33,160.9,81.8,Engineer,city_north
Rita Kennedy DDS,50,155.9,108.6,Writer,city_east
Leslie Anderson,31,152.3,104.9,Manager,city_east
Brian Aguilar,53,183.5,108,Engineer,city_north
Roy Holt,34,164.8,48.7,Nurse,city_south
Joseph Robinson,54,192.7,103.8,Teacher,city_south
Courtney Anderson,60,180.2,75.8,Teacher,city_south
Mary Robinson,23,189,81.6,Consultant,city_south
Joe Williams,69,147.2,78.9,Student,city_north
Troy Mckinney,22,167.8,82.5,Nurse,city_south
Mark Stevens,48,145.6,108.3,Photographer,city_west
Karen Woods,35,179.8,49.8,Chef,city_west
Ricky Valencia,47,191.8,60.2,Teacher,city_east
Tammy Mcgee,23,175,64.9,Student,city_north
Ryan Patterson,56,161.3,98.8,Consultant,city_south
Joshua Patel,22,176.3,48.6,Designer,city_south
Charles Martin,56,152.2,109.7,Student,city_south
Laurie Kelly,32,185.3,105,Scientist,city_south
John Robinson,35,161.7,68.7,Doctor,city_south
William Jones,38,151.4,76.1,Artist,city_west
Eric Meyer,47,172.3,114,Consultant,city_east
Brian Humphrey,65,199.5,72.1,Designer,city_north
Darlene Richmond,44,159.4,49.3,Teacher,city_east
Lisa Jordan,46,180.3,101.4,Pilot,city_east
William Salazar,41,181.2,65.2,Nurse,city_east
Carla Berry,43,152.6,117,Lawyer,city_west
John Davis,51,150.9,100.2,Student,city_east
Misty Gonzalez,65,154.5,53.5,Chef,city_north
Joseph Moran,65,197.7,118.6,Teacher,city_south
April Garcia,52,197.6,49.3,Consultant,city_north
William Patrick,42,160.3,88.2,Engineer,city_east
Elizabeth Savage,56,177.1,58.7,Analyst,city_south
Alicia Velazquez,22,147.8,113.9,Teacher,city_north
Mrs. Mary Rojas,44,199.4,73.8,Designer,city_west
Tanya Espinoza,37,193.7,52.5,Pilot,city_north
Taylor Peterson,65,197,110.9,Developer,city_west
Jeremy Thompson,40,199.6,77.5,Artist,city_south
Ebony Wright,51,195.5,107.2,Manager,city_north
Valerie Cole,29,149.4,117.6,Artist,city_south
Jonathan Gomez,60,183.6,103.3,Engineer,city_west
Daniel Shaw,57,169.2,86.4,Photographer,city_south
Samantha Kirk,61,171.8,118.7,Writer,city_north
Angel Daniel,24,165.9,57.3,Architect,city_north
James Kelly,37,167.2,71.6,Lawyer,city_south
Jennifer Davis,32,173.9,119.3,Teacher,city_south
James Blankenship,62,182.4,90.2,Chef,city_east
Nicole Johnson,38,174.5,79.4,Nurse,city_west
Susan Lang,47,192.7,70.3,Engineer,city_west
Joshua Richardson MD,26,199.3,119.5,Writer,city_west
Clinton Walker,56,178.3,50.6,Teacher,city_south
Matthew Stone,32,159.4,63.5,Student,city_east
Heather Hunt,64,171.3,96.5,Designer,city_south
Steven Nelson,26,184.6,72.4,Photographer,city_west
Matthew Hood,49,179.4,48.4,Writer,city_north
Maurice Bradley,41,151.1,111.1,Chef,city_south
Deanna Dean,65,182.3,116.2,Engineer,city_east
Larry Sharp,52,175.7,90.6,Consultant,city_south
Robert Smith,63,193.2,68.4,Photographer,city_north
Kiara Lane,41,169.9,89.6,Pilot,city_east
Stephanie Harrell,43,198.2,74,Electrician,city_north
Donald Hernandez,27,155.8,113.5,Scientist,city_west
Jermaine Lowe,19,149.3,102.1,Pilot,city_west
Kevin Lozano,45,177.4,75.8,Chef,city_south
Tanya Jimenez,42,190.4,100.1,Lawyer,city_west
Wendy Costa,30,188.4,95.5,Doctor,city_north
Debbie Roman,60,174.8,76.7,Lawyer,city_south
Nathan Mayer,68,192.5,58.4,Artist,city_east
Shane Williams,41,166.2,92.6,Designer,city_west
Lee Sanchez,65,184.7,75,Artist,city_north
Kristine Kim,58,196,118.3,Designer,city_north
Brittany Hanna,33,197.6,80,Student,city_north
Tanya Montgomery,48,172.3,80.3,Architect,city_south
Kayla Greer,55,167.8,48.6,Designer,city_west
Tonya Navarro,50,197.9,63.2,Architect,city_south
Jerry Rivera,49,193.3,59.3,Doctor,city_south
Lauren Jackson,36,150.9,64.6,Analyst,city_south
Joshua White,29,147.7,101.9,Engineer,city_east
Kevin Fleming,44,189.3,67.1,Pilot,city_east
Michelle Williams,30,155.6,66.6,Architect,city_north
Jeffrey Collins,53,167.2,89.1,Electrician,city_west
Ashley Cruz,38,169.6,109.9,Engineer,city_south
Catherine Hall,70,150.2,101.2,Analyst,city_north
Monique Chavez,25,175.6,82.6,Doctor,city_north
Carla Perez,30,184.3,65.7,Electrician,city_west
Felicia Newton,54,192.6,71.5,Electrician,city_east
Patricia Dixon,42,174,117.6,Writer,city_east
Erin Graves,46,190.1,53.6,Engineer,city_east
Troy Wagner,51,166,82.7,Analyst,city_north
Christine Richards,61,155,62.9,Artist,city_east
Colleen Newton,36,156.1,76.9,Architect,city_east
Samantha French,44,173.9,98.6,Consultant,city_west
Drew Black,36,177.8,62.6,Writer,city_east
Julie Martinez,47,172.4,103.5,Chef,city_east
Lisa Long,63,176.2,83.9,Nurse,city_north
Betty Roberts,52,167,62.6,Mechanic,city_south
David Doyle,43,165.1,115.1,Lawyer,city_south
Joseph Miller,57,160.5,77.3,Photographer,city_west
Cheryl Torres,30,154.8,60.6,Writer,city_north
Tara Miller,48,146.2,49.3,Electrician,city_south
Vanessa Cohen,60,147,105.9,Doctor,city_east
Elizabeth Berry,61,165.4,85.8,Nurse,city_south
Luis Armstrong,52,188.9,113.1,Teacher,city_east
William Martin,39,167,99.7,Developer,city_east
Nicholas Pope,50,160.3,59,Photographer,city_north
Diana Evans,21,168.6,87.6,Designer,city_west
Todd Nunez Jr.,48,180.8,74.8,Lawyer,city_south
Bryan Russell,66,161.7,71.8,Architect,city_south
Kimberly Greene,49,156.9,63.8,Developer,city_south
Brent Boyd,48,160.6,116.1,Architect,city_north
Thomas Henry,47,161.6,104.3,Designer,city_north
Sherry Paul,69,158.2,75.1,Chef,city_south
Ashley Gordon,29,170,112.2,Pilot,city_west
Michael Byrd,38,175.8,51.4,Analyst,city_north
Annette Brown,57,194.3,108.7,Doctor,city_north
Regina Brooks,51,167.6,69.9,Analyst,city_north
Lee Clark,49,166.5,94.7,Architect,city_west
Matthew Aguirre,28,161.2,110.5,Analyst,city_north
Jessica Bullock,24,175.4,113.4,Architect,city_east
Tom Martin,56,198.2,102.7,Engineer,city_south
Johnathan Henderson,28,169.7,79.5,Doctor,city_east
Jason Taylor,53,175.3,84.1,Doctor,city_east
Victoria Nelson,70,193.1,89.9,Designer,city_south
Alexander Leonard,70,149.2,70.1,Doctor,city_south
Jay Sims,33,160.7,114.2,Student,city_north
Rickey Hall,24,189.1,70.6,Developer,city_west
Terri King,34,155.4,79.4,Chef,city_north
Tracey Miller,22,167.2,56.2,Engineer,city_east
Michael Turner,62,190,102.1,Manager,city_south
Marvin Morgan,43,166.2,63.3,Photographer,city_south
Kyle Saunders,35,157.1,62,Developer,city_east
Ashley Gross,33,150.1,49,Photographer,city_south
Andrew Austin,47,155.7,73.2,Scientist,city_south
Robert Rice,66,160.7,109.4,Developer,city_east
Linda Prince,52,188.1,105.8,Pilot,city_east
Kelly Schwartz,44,171.5,48.9,Mechanic,city_east
Stanley Morales,66,195.3,79.5,Analyst,city_west
Alexis Washington,52,176.7,108.1,Chef,city_west
Jocelyn Hunter,45,198.7,92.9,Student,city_west
Natalie Fisher,25,171.7,83.3,Pilot,city_south
Caleb Lee,63,167.2,46.3,Photographer,city_east
Adam Mcgee,56,162.5,104.4,Architect,city_south
Leslie Rodriguez,20,192.7,100.2,Analyst,city_north
Nathaniel Coleman,39,193.2,118.9,Analyst,city_south
Douglas Ward,29,154.5,108.8,Engineer,city_south
Charles Sosa,19,191,59.1,Scientist,city_north
Kimberly Blankenship,40,186.6,67.4,Mechanic,city_north
Kayla Taylor,22,193.7,53,Pilot,city_south
Michael Nichols,32,154.5,90.9,Artist,city_south
Dr. Ashlee Orr,37,149.4,66.9,Designer,city_south
Miss Jennifer Thompson,70,157.3,113.2,Developer,city_south
Sara Lee,36,193.4,114.5,Student,city_west
Elizabeth Hobbs,66,160.7,69.3,Writer,city_west
Brooke Whitaker,19,167.5,118.7,Writer,city_west
Daniel Hamilton,38,164.1,47.8,Student,city_south
William Simmons,47,197.9,96.4,Doctor,city_east
Rebecca Armstrong,20,153.9,91,Student,city_north
Scott Singh,35,196.5,99.6,Chef,city_west
Sally Hoover,19,153.5,115.3,Engineer,city_south
Carol Williams,41,169.7,70.1,Nurse,city_south
Sarah Rivas,20,189.8,94.8,Designer,city_east
Suzanne Rios,55,150.7,63.7,Manager,city_east
Debbie Thompson,53,183,45.9,Pilot,city_east
Eric Ewing,29,169.5,48.2,Manager,city_north
Randall Wilson,30,177,61.8,Manager,city_west
Cassandra Davis,48,166.9,88.3,Pilot,city_north
Kayla Ramirez,54,185.2,86.8,Pilot,city_west
Jeffrey Moore,23,176.7,106.9,Nurse,city_north
Amanda Williams,19,188.5,46.2,Chef,city_west
Paula Brown,26,173.8,54.9,Analyst,city_south
Kerry Day,45,169.3,83,Mechanic,city_south
Joseph Moore,23,194.1,50.5,Lawyer,city_south
Sharon Jackson,61,189,66.4,Scientist,city_south
Jamie Figueroa,56,145.1,86,Developer,city_south
Jason Johnson,58,146.7,52.1,Artist,city_north
Melissa Cox,47,195.8,55.6,Doctor,city_north
Gabriel Madden,36,179.9,48.2,Doctor,city_south
Carol Tran,46,157.4,73.9,Pilot,city_north
Alejandro Lane,45,183.8,74,Photographer,city_north
Andrew Garcia,61,197.2,96.2,Designer,city_east
Karen Howe,25,162.4,106.7,Student,city_south
Raven Bailey,23,145.6,114.9,Photographer,city_south
Gregory Gutierrez,59,170.7,53,Designer,city_north
Selena Taylor,64,165.4,85.2,Lawyer,city_south
Sheila Ferrell,58,179.6,79.3,Electrician,city_north
Jhon Williams,44,169.4,85.9,Teacher,city_south
Brian Thomas,33,196.7,48.1,Mechanic,city_west
Victoria Bean,23,197.3,77.2,Pilot,city_south
Timothy Sims,43,154,48.6,Engineer,city_north
Sarah Garcia,63,169.6,86.9,Architect,city_west
Angela Robinson,53,175.1,112.9,Photographer,city_north
Darin Powell,65,184.5,112.8,Manager,city_south
Ashley Robinson,63,198.6,51.1,Developer,city_east
Devon Kennedy,60,193.3,50.5,Pilot,city_west
Jennifer Baker,28,185.2,75.7,Lawyer,city_south
Terri Evans,63,151.7,67.5,Teacher,city_south
Lori Clark,44,180.2,51.9,Analyst,city_south
Tracey Stephens,21,176.9,102.6,Scientist,city_east
Bryan Williams,33,185.8,83,Doctor,city_north
Leslie Hernandez,68,160.2,99.6,Engineer,city_west
Bryan Sullivan,59,195.3,54.8,Nurse,city_north
Jacqueline Williams,62,184.4,97.5,Teacher,city_west
Maria Jackson,48,171.4,62.4,Pilot,city_north
Kristen Bruce,30,165.8,71.3,Teacher,city_north
Katherine Lynch,28,184.7,91.8,Engineer,city_north
Ronald Collins,23,185.6,53.1,Architect,city_east
Devon Blanchard,33,181.5,83,Scientist,city_east
